CODIGO;NOMBRE;CATEGORIA;SUBCATEGORIA;TONALIDAD;COLORES;FORMATO;AMBIENTE;ESTILO;EMOCION;IMPACTO_VISUAL;TECNICA_VISUAL
520;Choque de fuerzas;Animales;Caballos;Madera;marron, ocre, negro;Horizontal;Hall de Entrada;Moderno;Fuerza;Protagonista;Digital/3D
817;El resplandor;Paisajes;Playa;Natural;azul, amarillo, naranja;Horizontal;Dormitorio;Moderno;Calma;Equilibrado;Fotográfica
855;Campo de girasoles 1;Botanica;Girasoles;Natural;azul, amarillo, naranja;Horizontal;Comedor;Clásico;Alegría;Protagonista;Fotográfica
874;La venganza;Personas;Mujer;Frio;magenta, azul, beige;Horizontal;Hall de Entrada;Boho;Fuerza;Protagonista;Pictórica
990;Abundancia;Comida;Frutas;Madera;naranja, violeta, verde;Horizontal;Cocina;Clásico;Armonía;Equilibrado;Fotográfica
1010;Luna surrealista;Paisajes;Luna;Oscuro;negro, amarillo, azul;Vertical;Dormitorio;Moderno;Misterio;Protagonista;Pictórica
1045;Princesa del sur;Mujer;General;Calido;beige, rojo, naranja;Vertical;Hall de Entrada;Moderno;Elegancia;Protagonista;Ilustrativa
1065;Explosion Floral;Botanica;Flores;Vibrante;magenta, naranja, dorado;Horizontal;Hall de Entrada;Elegante;Energía;Protagonista;Pictórica
1082;Espíritu Viajero;Mapamundi;General;Calido;marron, ocre, negro;Horizontal;Oficina;Industrial;Inspiración;Protagonista;Digital/3D
1133;Donde Nace el Sol;Paisajes;Playa;Vibrante;celeste, amarillo, naranja;Horizontal;Baño;Moderno;Calma;Equilibrado;Pictórica
1134;El Corazón Zen 1;Budismo;General;Vibrante;celeste, rosa, amarillo;Horizontal;Dormitorio;Boho;Calma;Equilibrado;Ilustrativa
1135;El Camino del Loto 1;Budismo;General;Vibrante;amarillo, turquesa;Horizontal;Dormitorio;Boho;Calma;Equilibrado;Ilustrativa
1136;Negocios;Personas;Hombre;Oscuro;blanco, negro, sepia;Horizontal;Oficina;Industrial;Inspiración;Protagonista;Collage/Mixta
1137;Atardecer Costero 1;Paisajes;Playa;Calido;naranja, turquesa;Horizontal;Living;Moderno;Energía;Protagonista;Pictórica
1138;Gigantes de Piedra;Paisajes;Montañas;Natural;verde, beige;Horizontal;Dormitorio;Nórdico;Calma;Suave;Ilustrativa
1141;Esencia Marina;Paisajes;Playa;Natural;celeste, beige;Horizontal;Baño;Minimalista;Calma;Suave;Fotográfica
1146;Delicias ;Tematico;Gastronomia;Calido;naranja, verde, amarillo;Horizontal;Cocina;Moderno;Energía;Protagonista;Fotográfica
1164;Sin Miedo;Animales;Felinos;Oscuro;blanco, negro;Horizontal;Oficina;Moderno;Fuerza;Protagonista;Fotográfica
1165;Panorama Urbano;Paisajes;Ciudades;Oscuro;azul, gris, blanco;Horizontal;Oficina;Industrial;Inspiración;Equilibrado;Ilustrativa
1166;Besame;Personas;Mujer;Vibrante;rojo, negro;Horizontal;Dormitorio;Moderno;Romanticismo;Protagonista;Fotográfica
1167;Multicorazones;Romantico;Corazon;Vibrante;rojo, negro;Horizontal;Dormitorio;Minimalista;Romanticismo;Equilibrado;Fotográfica
1169;La Caricia del Viento;Plumas;General;Calido;naranja, turquesa;Horizontal;Dormitorio;Boho;Libertad;Equilibrado;Pictórica
1170;Plumas Celestiales;Plumas;General;Vibrante;rosa;Horizontal;Dormitorio;Boho;Calma;Suave;Pictórica
1171;Plumas de Luz;Plumas;General;Vibrante;naranja, violeta, turquesa;Horizontal;Infantil/Juvenil;Boho;Alegría;Equilibrado;Ilustrativa
1172;Alas al Viento;Plumas;General;Oscuro;verde, negro;Horizontal;Living;Elegante;Elegancia;Protagonista;Pictórica
1173;Elegancia Pluma;Plumas;General;Frio;gris, blanco;Horizontal;Dormitorio;Minimalista;Calma;Suave;Pictórica
1174;Viento de Libertad;Plumas;General;Dorado;dorado, azul;Horizontal;Hall de Entrada;Elegante;Elegancia;Protagonista;Digital/3D
1175;El Arte de Volar;Plumas;General;Pastel;beige, negro;Vertical;Pasillo;Elegante;Elegancia;Protagonista;Pictórica
1176;El Viaje del Viento;Plumas;General;Madera;naranja, gris;Horizontal;Oficina;Industrial;Energía;Protagonista;Pictórica
1177;Ligereza Infinita;Plumas;General;Dorado;gris, dorado;Horizontal;Living;Elegante;Elegancia;Protagonista;Pictórica
1178;Belleza pop;Personas;Mujer;Vibrante;amarillo, blanco, negro;Horizontal;Hall de Entrada;Moderno;Energía;Protagonista;Collage/Mixta
1179;Triangulo de la suerte;Abstracto;General;Dorado;dorado, negro;Horizontal;Oficina;Elegante;Elegancia;Protagonista;Digital/3D
1180;Misterio en Egipto;Paisajes;Piramides;Oscuro;marron, azul;Horizontal;Living;Moderno;Misterio;Protagonista;Digital/3D
1181;Piramides al Atardecer;Paisajes;Piramides;Calido;beige, amarillo;Horizontal;Oficina;Clásico;Inspiración;Equilibrado;Fotográfica
1182;Mandala del Amor;Abstracto;Mandalas;Vibrante;Celeste, rosa, naranja;Horizontal;Dormitorio;Boho;Armonía;Equilibrado;Ilustrativa
1183;Bicicleta Viajera;Paisajes;Ciudades;Oscuro;blanco, negro;Horizontal;Oficina;Industrial;Libertad;Protagonista;Fotográfica
1186;La Primer Cita;Romantico;Corazon;Calido;rojo, beige;Horizontal;Dormitorio;Boho;Romanticismo;Protagonista;Ilustrativa
1187;Paseo Marino;Animales;Ballena;Frio;azul, amarillo  ;Horizontal;Infantil/Juvenil;Moderno;Inspiración;Protagonista;Digital/3D
1188;Buscando el Sol;Botanica;Flores;Natural;celeste, amarillo;Horizontal;Comedor;Clásico;Alegría;Protagonista;Fotográfica
1189;Salto de Libertad 1;Animales;Ballena;Madera;sepia, gris, beige;Horizontal;Living;Moderno;Libertad;Protagonista;Digital/3D
1190;El Corazon de la Ciudad;Paisajes;Ciudades;Oscuro;violeta, negro;Horizontal;Oficina;Industrial;Misterio;Protagonista;Fotográfica
1191;Retrato Salvaje 1;Animales;Cebras;Vibrante;naranja, celeste, negro;Horizontal;Infantil/Juvenil;Moderno;Energía;Protagonista;Ilustrativa
1192;Reunion en el bosque;Paisajes;Bosque;Vibrante;naranja, amarillo, celeste;Horizontal;Infantil/Juvenil;Moderno;Alegría;Protagonista;Digital/3D
1196;El Jardin de la Calma;Botanica;Flores;Pastel;blanco, amarillo, verde;Horizontal;Baño;Nórdico;Calma;Suave;Ilustrativa
1199;Tarde Parisina;Paisajes;Ciudades;Vibrante;turquesa, magenta;Vertical;Hall de Entrada;Moderno;Alegría;Protagonista;Fotográfica
1200;Soberano;Animales;Felinos;Calido;dorado, turquesa;Vertical;Hall de Entrada;Elegante;Fuerza;Protagonista;Pictórica
1201;Esencia Ancestral;Botanica;Arboles;Vibrante;magenta;Horizontal;Dormitorio;Minimalista;Armonía;Equilibrado;Ilustrativa
1203;Instinto Ancestral;Animales;Elefantes;Oscuro;blanco, negro;Vertical;Hall de Entrada;Moderno;Fuerza;Protagonista;Fotográfica
1204;La Belleza del Silencio 1;Personas;Mujer;Vibrante;beige, rojo, naranja;Horizontal;Hall de Entrada;Moderno;Energía;Protagonista;Collage/Mixta
1205;El Reino de las Cumbres;Frases;General;Natural;blanco, celeste;Horizontal;Oficina;Nórdico;Inspiración;Suave;Collage/Mixta
1206;Guardianes del Horizonte;Paisajes;Bosque;Dorado;dorado, verde, amarillo;Horizontal;Dormitorio;Elegante;Elegancia;Equilibrado;Ilustrativa
1207;Jirafa Intelectual;Animales;Jirafas;Vibrante;amarillo, negro;Vertical;Infantil/Juvenil;Moderno;Alegría;Protagonista;Digital/3D
1208;Amanecer Interestelar;Paisajes;Universo;Oscuro;negro, magenta;Horizontal;Living;Moderno;Misterio;Protagonista;Digital/3D
1209;Delicada Presencia 1;Personas;Mujer;Vibrante;naranja, verde, amarillo;Horizontal;Hall de Entrada;Moderno;Alegría;Protagonista;Pictórica
1210;Puente Nocturno;Paisajes;Ciudades;Oscuro;negro, naranja;Horizontal;Oficina;Industrial;Misterio;Protagonista;Fotográfica
1211;Ejecutivo Salvaje;Animales;Elefantes;Oscuro;blanco, negro;Vertical;Oficina;Moderno;Fuerza;Protagonista;Digital/3D
1212;Fantasia Marina;Animales;Ballena;Oscuro;negro, violeta, azul;Horizontal;Infantil/Juvenil;Moderno;Inspiración;Protagonista;Ilustrativa
1214;Amor Gatuno;Animales;Gatos;Vibrante;Rosa, blanco, negro;Horizontal;Infantil/Juvenil;Moderno;Alegría;Protagonista;Ilustrativa
1216;Crecimiento Infinito 1;Botanica;Arboles;Vibrante;naranja, azul;Vertical;Hall de Entrada;Moderno;Alegría;Protagonista;Ilustrativa
1218;Reflejos Urbanos 1;Paisajes;Ciudades;Oscuro;negro, amarillo ;Horizontal;Oficina;Industrial;Misterio;Protagonista;Fotográfica
1219;Colores de Primavera;Paisajes;Flores;Natural;celeste, rosa, verde;Horizontal;Dormitorio;Nórdico;Calma;Suave;Fotográfica
1220;Nuestra Historia;Romantico;General;Vibrante;magenta, violeta;Horizontal;Dormitorio;Boho;Romanticismo;Protagonista;Pictórica
1222;Corriente Celeste;Abstracto;General;Natural;celeste, blanco;Vertical;Living;Nórdico;Inspiración;Suave;Abstracta
1224;Esencia Retro;Vintage;General;Vibrante;verde, rosa, amarillo;Horizontal;Living;Moderno;Alegría;Protagonista;Fotográfica
1225;Las 4 Estaciones;Paisajes;Arboles;Natural;verde, magenta, azul;Horizontal;Dormitorio;Nórdico;Armonía;Suave;Collage/Mixta
1226;Familia Unida;Animales;Felinos;Natural;amarillo, naranja;Horizontal;Living;Clásico;Fuerza;Suave;Pictórica
1227;Volando al Sur;Animales;Mariposas;Natural;celeste, blanco;Vertical;Dormitorio;Nórdico;Libertad;Suave;Ilustrativa
1229;Bajo el Mismo Cielo;Romantico;General;Oscuro;negro, azul;Horizontal;Dormitorio;Moderno;Romanticismo;Protagonista;Fotográfica
1231;El Árbol Sagrado;Paisajes;Arboles;Natural;verde, beige;Horizontal;Dormitorio;Nórdico;Calma;Suave;Digital/3D
1232;El Árbol del Horizonte;Paisajes;Arboles;Vibrante;celeste, verde;Horizontal;Dormitorio;Moderno;Alegría;Protagonista;Ilustrativa
1238;Mármol Dorado;Abstracto;General;Dorado;dorado, blanco;Horizontal;Living;Elegante;Elegancia;Equilibrado;Abstracta
1239;Isla de la Diversion;Infantiles;General;Vibrante;blanco, magenta, verde;Horizontal;Infantil/Juvenil;Boho;Alegría;Protagonista;Ilustrativa
1240;Fluir 1;Abstracto;General;Calido;verde, marron;Horizontal;Oficina;Moderno;Inspiración;Equilibrado;Abstracta
1241;Punto de Inflexion;Abstracto;General;Oscuro;negro, gris;Horizontal;Hall de Entrada;Elegante;Misterio;Protagonista;Collage/Mixta
1244;Hacia la Luz;Botanica;Arboles;Pastel;gris, naranja;Horizontal;Dormitorio;Minimalista;Calma;Suave;Pictórica
1249;Bodega de Ensueño;Bodegas;General;Madera;marron, violeta, verde;Horizontal;Cocina;Clásico;Armonía;Suave;Fotográfica
1251;Jardín Encantado;Botanica;Flores;Calido;gris, blanco;Horizontal;Dormitorio;Elegante;Elegancia;Equilibrado;Pictórica
1255;Belleza Secreta;Mujer;General;Calido;negro, naranja;Vertical;Hall de Entrada;Moderno;Elegancia;Equilibrado;Pictórica
1256;Alma de Mujer 1;Mujer;General;Pastel;gris, rosa;Vertical;Dormitorio;Minimalista;Calma;Suave;Pictórica
1257;Delicada Presencia 2;Mujer;General;Pastel;gris, rosa;Vertical;Dormitorio;Minimalista;Calma;Suave;Pictórica
1258;Donde Florece el Alma 1;Mujer;General;Pastel;gris, rosa;Vertical;Dormitorio;Minimalista;Calma;Suave;Collage/Mixta
1260;El Arte de Sentir 1;Mujer;General;Oscuro;gris, magenta;Horizontal;Hall de Entrada;Moderno;Misterio;Protagonista;Collage/Mixta
1261;Luz Interior 1;Mujer;General;Vibrante;rosa, naranja, celeste;Horizontal;Hall de Entrada;Moderno;Energía;Protagonista;Collage/Mixta
1262;Elegancia Atemporal 1;Mujer;General;Dorado;dorado, verde ;Vertical;Hall de Entrada;Elegante;Elegancia;Equilibrado;Ilustrativa
1263;Alma Dorada;Mujer;General;Dorado;dorado, verde;Vertical;Hall de Entrada;Elegante;Elegancia;Equilibrado;Ilustrativa
1264;Mujer Eterna 1;Mujer;General;Vibrante;negro, amarillo;Vertical;Hall de Entrada;Elegante;Fuerza;Protagonista;Pictórica
1266;El Lenguaje de la Mirada;Mujer;General;Vibrante;naranja, negro;Vertical;Hall de Entrada;Elegante;Elegancia;Protagonista;Ilustrativa
1267;Siempre Bella;Mujer;General;Pastel;beige, rojo, negro;Vertical;Dormitorio;Boho;Romanticismo;Suave;Collage/Mixta
1268;Primavera Interior 1;Mujer;General;Pastel;rosa, gris;Horizontal;Dormitorio;Minimalista;Calma;Suave;Pictórica
1270;Mujer en Flor;Mujer;General;Vibrante;naranja, verde, rosa;Horizontal;Hall de Entrada;Boho;Alegría;Protagonista;Pictórica
1273;Flores y Silencio;Mujer;General;Dorado;dorado, gris;Horizontal;Hall de Entrada;Elegante;Elegancia;Equilibrado;Pictórica
1274;Elegancia Celestial;Alas;General;Neutro;rosa, beige;Horizontal;Hall de Entrada;Elegante;Libertad;Equilibrado;Digital/3D
1275;Horizonte Alado;Alas;General;Neutro;rosa, naranja;Horizontal;Dormitorio;Moderno;Libertad;Equilibrado;Pictórica
1276;Destino Alado;Alas;General;Metálico;dorado, plateado;Horizontal;Hall de Entrada;Elegante;Libertad;Equilibrado;Pictórica
1277;Fe en el Vuelo;Alas;General;Metálico;dorado, beige;Horizontal;Hall de Entrada;Elegante;Libertad;Equilibrado;Pictórica
1278;Viento y Libertad;Alas;General;Metálico;dorado, plateado;Horizontal;Hall de Entrada;Elegante;Libertad;Equilibrado;Digital/3D
1279;Alas al Amanecer;Alas;General;Pastel;violeta, rosa;Horizontal;Dormitorio;Nórdico;Libertad;Suave;Digital/3D
1280;Volver a Volar;Alas;General;Pastel;rosa, plateado;Vertical;Pasillo;Nórdico;Libertad;Suave;Digital/3D
1281;Alas para Crecer;Alas;General;Metálico;dorado, plateado;Horizontal;Hall de Entrada;Elegante;Libertad;Equilibrado;Digital/3D
1282;Guardianes del Cielo;Alas;General;Metálico;dorado, plateado;Horizontal;Hall de Entrada;Elegante;Libertad;Equilibrado;Pictórica
1283;Alas del Horizonte;Alas;General;Pastel;dorado, violeta;Horizontal;Dormitorio;Elegante;Libertad;Suave;Ilustrativa
1284;El Espíritu del Cielo;Alas;General;Pastel;rosa, blanco;Horizontal;Dormitorio;Nórdico;Libertad;Suave;Digital/3D
1285;Alas de Marfil;Alas;General;Pastel;blanco, plateado;Horizontal;Dormitorio;Nórdico;Libertad;Suave;Ilustrativa
1286;Aura Dorada;Alas;General;Metálico;dorado, amarillo;Horizontal;Hall de Entrada;Elegante;Libertad;Equilibrado;Digital/3D
1287;Corazón Salvaje 1;Animales;Felinos;Cálido;naranja, amarillo;Horizontal;Hall de Entrada;Moderno;Fuerza;Equilibrado;Fotográfica
1288;Noble Instinto;Animales;Felinos;Cálido;amarillo, naranja;Horizontal;Hall de Entrada;Moderno;Fuerza;Equilibrado;Fotográfica
1289;Mirada Real;Animales;Felinos;Frío;violeta, dorado;Horizontal;Hall de Entrada;Elegante;Fuerza;Equilibrado;Fotográfica
1290;Ojos de Fuego;Animales;Felinos;Cálido;verde, dorado;Horizontal;Hall de Entrada;Elegante;Fuerza;Equilibrado;Fotográfica
1291;Legado Salvaje;Animales;Felinos;Blanco y Negro;plateado, gris;Horizontal;Hall de Entrada;Moderno;Fuerza;Equilibrado;Fotográfica
1292;Alma Oculta;Personas;Mujer;Frío;azul, dorado;Horizontal;Hall de Entrada;Elegante;Elegancia;Equilibrado;Pictórica
1293;Más Allá de la Mirada;Personas;Mujer;Vibrante;dorado, amarillo;Horizontal;Hall de Entrada;Elegante;Energía;Protagonista;Pictórica
1294;El Arte de Sentir 2;Personas;Mujer;Vibrante;azul, dorado;Horizontal;Hall de Entrada;Elegante;Energía;Protagonista;Pictórica
1298;Luna Serena 1;Paisajes;Luna;Oscuro;azul, plateado;Vertical;Dormitorio;Moderno;Calma;Protagonista;Pictórica
1299;Silencio Nocturno;Paisajes;Luna;Oscuro;naranja, dorado;Horizontal;Dormitorio;Elegante;Elegancia;Protagonista;Abstracta
1300;Paisaje Lunar;Paisajes;Luna;Frío;azul, naranja;Horizontal;Dormitorio;Moderno;Calma;Equilibrado;Pictórica
1301;Susurros de la Luna;Paisajes;Luna;Cálido;naranja, rojo;Horizontal;Dormitorio;Moderno;Calma;Equilibrado;Pictórica
1302;Bajo un Cielo de Plata;Paisajes;Luna;Oscuro;gris, negro;Horizontal;Dormitorio;Moderno;Misterio;Protagonista;Fotográfica
1303;Noches de Ensueño;Paisajes;Luna;Oscuro;verde, plateado;Vertical;Dormitorio;Moderno;Misterio;Protagonista;Ilustrativa
1304;Cuando la Luna Despierta;Paisajes;Luna;Oscuro;plateado, naranja;Horizontal;Dormitorio;Moderno;Misterio;Protagonista;Fotográfica
1305;El Brillo de la Noche;Paisajes;Luna;Oscuro;naranja, gris;Vertical;Dormitorio;Moderno;Misterio;Protagonista;Ilustrativa
1306;Destino de Luna;Paisajes;Luna;Frío;plateado, azul;Vertical;Dormitorio;Moderno;Calma;Equilibrado;Ilustrativa
1307;Horizonte Plateado;Paisajes;Luna;Frío;azul, violeta;Horizontal;Dormitorio;Moderno;Calma;Equilibrado;Ilustrativa
1308;Luz sobre el Horizonte;Paisajes;Luna;Frío;azul, plateado;Horizontal;Dormitorio;Moderno;Calma;Equilibrado;Pictórica
1309;El Arte de la Noche;Paisajes;Luna;Oscuro;plateado, gris;Horizontal;Dormitorio;Moderno;Misterio;Protagonista;Pictórica
1310;Cielo de Plata 1;Paisajes;Luna;Oscuro;azul, plateado;Vertical;Dormitorio;Moderno;Misterio;Protagonista;Pictórica
1311;Ciclo Lunar;Paisajes;Luna;Metálico;plateado, gris;Horizontal;Dormitorio;Moderno;Calma;Equilibrado;Collage/Mixta
1312;El Jardín de la Luna;Paisajes;Luna;Oscuro;azul, violeta;Horizontal;Dormitorio;Moderno;Misterio;Protagonista;Pictórica
1313;La Danza de la Luna;Paisajes;Luna;Pastel;violeta, rosa;Horizontal;Dormitorio;Nórdico;Calma;Suave;Ilustrativa
1314;Noche;Paisajes;Luna;Oscuro;naranja, marrón;Horizontal;Dormitorio;Moderno;Misterio;Protagonista;Collage/Mixta
1315;La Luna y el Silencio;Paisajes;Luna;Oscuro;azul, violeta;Vertical;Dormitorio;Moderno;Misterio;Protagonista;Pictórica
1316;Sol Dorado;Paisajes;Luna;Metálico;dorado, amarillo;Horizontal;Dormitorio;Elegante;Elegancia;Equilibrado;Collage/Mixta
1317;Reflejos Celestiales;Paisajes;Luna;Oscuro;amarillo, dorado;Horizontal;Dormitorio;Elegante;Misterio;Protagonista;Pictórica
1318;Luna Escarlata;Paisajes;Luna;Oscuro;rojo, naranja;Vertical;Dormitorio;Moderno;Misterio;Protagonista;Fotográfica
1319;Donde Descansa la Luna;Paisajes;Luna;Cálido;naranja, rojo;Horizontal;Dormitorio;Moderno;Calma;Equilibrado;Ilustrativa
1320;Serenidad Lunar 1;Paisajes;Luna;Frío;azul, plateado;Horizontal;Dormitorio;Moderno;Calma;Equilibrado;Ilustrativa
1321;Creciente Dorada;Paisajes;Luna;Metálico;amarillo, verde;Vertical;Dormitorio;Moderno;Calma;Equilibrado;Ilustrativa
1322;El Reino de la Luna;Paisajes;Luna;Frío;verde, naranja;Horizontal;Dormitorio;Moderno;Calma;Equilibrado;Ilustrativa
1325;Cumbres al Atardecer 1;Paisajes;Luna;Cálido;naranja, rojo;Horizontal;Dormitorio;Moderno;Calma;Equilibrado;Pictórica
1326;El Abrazo del Valle;Paisajes;Montañas;Vibrante;naranja, amarillo;Horizontal;Dormitorio;Moderno;Energía;Protagonista;Ilustrativa
1327;Esencia Alpina 1;Paisajes;Montañas;Vibrante;naranja, violeta;Horizontal;Dormitorio;Moderno;Energía;Protagonista;Collage/Mixta
1328;Donde Nace el Silencio 1;Paisajes;Montañas;Metálico;dorado, amarillo;Horizontal;Dormitorio;Elegante;Elegancia;Equilibrado;Collage/Mixta
1329;Cumbres al Atardecer 2;Paisajes;Montañas;Cálido;violeta, naranja;Horizontal;Dormitorio;Moderno;Elegancia;Equilibrado;Fotográfica
1330;Perfil Alpino;Paisajes;Montañas;Frío;gris, plateado;Horizontal;Dormitorio;Moderno;Elegancia;Equilibrado;Ilustrativa
1331;Horizonte Alpino;Paisajes;Montañas;Metálico;naranja, dorado;Horizontal;Dormitorio;Elegante;Elegancia;Equilibrado;Ilustrativa
1332;Sol sobre las Cumbres;Paisajes;Montañas;Metálico;dorado, beige;Vertical;Pasillo;Elegante;Elegancia;Equilibrado;Ilustrativa
1333;Horizonte Escarlata;Paisajes;Montañas;Oscuro;rojo, negro;Horizontal;Dormitorio;Moderno;Misterio;Protagonista;Ilustrativa
1334;Naturaleza Infinita 1;Paisajes;Montañas;Metálico;plateado, dorado;Vertical;Pasillo;Elegante;Elegancia;Equilibrado;Collage/Mixta
1335;Cumbres Eternas;Paisajes;Montañas;Frío;plateado, azul;Horizontal;Dormitorio;Moderno;Elegancia;Equilibrado;Ilustrativa
1336;Horizonte en Capas;Paisajes;Montañas;Cálido;naranja, dorado;Horizontal;Dormitorio;Elegante;Elegancia;Equilibrado;Pictórica
1337;Tierra de Gigantes 1;Paisajes;Montañas;Cálido;gris, naranja;Horizontal;Dormitorio;Moderno;Elegancia;Equilibrado;Collage/Mixta
1338;Entre Cielo y Tierra 1;Paisajes;Montañas;Cálido;naranja, amarillo;Horizontal;Dormitorio;Moderno;Elegancia;Equilibrado;Ilustrativa
1342;El Susurro Natural;Botanica;Hojas;Metálico;dorado, amarillo;Horizontal;Hall de Entrada;Elegante;Elegancia;Equilibrado;Collage/Mixta
1344;Follaje Azul y Dorado;Botanica;Hojas;Metálico;azul, dorado;Horizontal;Hall de Entrada;Elegante;Elegancia;Equilibrado;Collage/Mixta
1345;Jardín Tropical 1;Botanica;Hojas;Metálico;verde, plateado;Vertical;Pasillo;Moderno;Elegancia;Equilibrado;Collage/Mixta
1346;El Abrazo de Otoño;Botanica;Hojas;Cálido;naranja, marrón;Vertical;Hall de Entrada;Moderno;Elegancia;Equilibrado;Collage/Mixta
1347;Hojas en Línea;Botanica;Hojas;Blanco y Negro;plateado, gris;Horizontal;Baño;Nórdico;Armonía;Equilibrado;Ilustrativa
1349;Follaje Tropical;Botanica;Hojas;Vibrante;verde, azul;Horizontal;Hall de Entrada;Moderno;Energía;Protagonista;Ilustrativa
1350;Follaje Azul;Botanica;Hojas;Frío;azul, plateado;Vertical;Hall de Entrada;Moderno;Libertad;Equilibrado;Pictórica
1352;Follaje Dorado 1;Botanica;Hojas;Metálico;amarillo, verde;Horizontal;Hall de Entrada;Elegante;Elegancia;Equilibrado;Pictórica
1353;Geometría Tropical 1;Botanica;Hojas;Cálido;naranja, amarillo;Horizontal;Hall de Entrada;Moderno;Elegancia;Equilibrado;Collage/Mixta
1354;Hojas Eternas;Botanica;Hojas;Frío;verde, azul;Horizontal;Baño;Nórdico;Armonía;Equilibrado;Ilustrativa
1355;Frondas Doradas;Botanica;Hojas;Metálico;dorado, plateado;Horizontal;Hall de Entrada;Elegante;Libertad;Equilibrado;Collage/Mixta
1356;Hojas de Plata;Botanica;Hojas;Vibrante;amarillo, naranja;Horizontal;Hall de Entrada;Moderno;Alegría;Protagonista;Ilustrativa
1357;Monstera Coral;Botanica;Hojas;Cálido;naranja, rosa;Horizontal;Baño;Nórdico;Armonía;Equilibrado;Ilustrativa
1362;Hojas del Alma;Botanica;Hojas;Metálico;dorado, verde;Horizontal;Hall de Entrada;Elegante;Elegancia;Equilibrado;Pictórica
1366;Verde Sagrado;Botanica;Hojas;Pastel;violeta, verde;Horizontal;Living;Nórdico;Calma;Suave;Ilustrativa
1367;Follaje Coral;Botanica;Hojas;Pastel;naranja, plateado;Horizontal;Baño;Nórdico;Armonía;Suave;Collage/Mixta
1368;Hojas Vivas;Botanica;Hojas;Frío;azul, verde;Horizontal;Oficina;Moderno;Elegancia;Equilibrado;Abstracta
1369;Verde Eterno;Botanica;Hojas;Cálido;verde, amarillo;Horizontal;Baño;Nórdico;Armonía;Equilibrado;Collage/Mixta
1370;Naturaleza Verde Eterna;Botanica;Hojas;Pastel;naranja, beige;Horizontal;Baño;Nórdico;Armonía;Suave;Ilustrativa
1371;Eucalipto Sereno;Botanica;Hojas;Neutro;beige, gris;Horizontal;Baño;Nórdico;Armonía;Equilibrado;Ilustrativa
1372;Ramas de Eucalipto;Botanica;Hojas;Pastel;plateado, gris;Vertical;Baño;Nórdico;Armonía;Suave;Ilustrativa
1373;Jardín Dorado 1;Botanica;Hojas;Metálico;naranja, amarillo;Horizontal;Hall de Entrada;Elegante;Elegancia;Equilibrado;Ilustrativa
1374;El Susurro Verde;Botanica;Hojas;Tierra;verde, azul;Horizontal;Baño;Nórdico;Armonía;Equilibrado;Ilustrativa
1375;Eucaliptos en Serie;Botanica;Hojas;Neutro;verde, gris;Horizontal;Baño;Nórdico;Armonía;Equilibrado;Ilustrativa
1376;Verde Puro;Botanica;Hojas;Neutro;verde, beige;Horizontal;Baño;Nórdico;Armonía;Equilibrado;Ilustrativa
1377;Hojas en Filigrana;Botanica;Hojas;Pastel;verde, plateado;Horizontal;Baño;Nórdico;Armonía;Suave;Ilustrativa
1378;Hojas en Reposo;Botanica;Hojas;Metálico;plateado, gris;Horizontal;Baño;Nórdico;Armonía;Equilibrado;Ilustrativa
1379;Sabana Tropical;Botanica;Hojas;Pastel;beige, marrón;Vertical;Infantil/Juvenil;Elegante;Libertad;Suave;Ilustrativa
1381;Verde Sereno;Botanica;Hojas;Pastel;azul, plateado;Horizontal;Baño;Nórdico;Armonía;Suave;Ilustrativa
1382;El Susurro de la Naturaleza;Botanica;Hojas;Metálico;amarillo, beige;Horizontal;Hall de Entrada;Elegante;Elegancia;Equilibrado;Ilustrativa
1383;Hojas de Luz;Botanica;Hojas;Vibrante;rosa, naranja;Horizontal;Hall de Entrada;Moderno;Energía;Protagonista;Collage/Mixta
1384;El Abrazo Natural;Botanica;Hojas;Vibrante;rosa, verde;Horizontal;Living;Moderno;Alegría;Protagonista;Ilustrativa
1386;Monstera Azul;Botanica;Hojas;Frío;azul, amarillo;Horizontal;Hall de Entrada;Elegante;Elegancia;Equilibrado;Pictórica
1388;Hojas Doradas;Botanica;Hojas;Metálico;dorado, plateado;Horizontal;Hall de Entrada;Elegante;Elegancia;Equilibrado;Ilustrativa
1392;Guirnalda de Eucalipto;Botanica;Hojas;Neutro;plateado, gris;Horizontal;Baño;Nórdico;Armonía;Equilibrado;Ilustrativa
1393;Monstera Azul y Oro;Botanica;Hojas;Metálico;plateado, amarillo;Horizontal;Hall de Entrada;Elegante;Elegancia;Equilibrado;Pictórica
1395;Hojas Luminosas;Botanica;Hojas;Oscuro;negro, plateado;Horizontal;Hall de Entrada;Moderno;Misterio;Protagonista;Ilustrativa
1397;Jardín Pastel;Botanica;Hojas;Pastel;blanco, rosa;Horizontal;Baño;Nórdico;Armonía;Suave;Ilustrativa
1398;Geometría Tropical 2;Botanica;Hojas;Tierra;verde, dorado;Horizontal;Hall de Entrada;Elegante;Misterio;Equilibrado;Digital/3D
1399;Triángulo de Neón;Botanica;Hojas;Vibrante;verde, azul;Horizontal;Hall de Entrada;Moderno;Calma;Protagonista;Digital/3D
1400;Triángulo Esmeralda 1;Botanica;Hojas;Vibrante;verde, rojo;Horizontal;Hall de Entrada;Moderno;Energía;Protagonista;Digital/3D
1401;Triángulo Tropical;Botanica;Hojas;Vibrante;verde, rojo;Horizontal;Hall de Entrada;Moderno;Energía;Protagonista;Digital/3D
1402;Verde Vital;Botanica;Hojas;Neutro;verde, dorado;Horizontal;Hall de Entrada;Elegante;Elegancia;Protagonista;Digital/3D
1403;Verde Infinito;Botanica;Hojas;Vibrante;verde, naranja;Horizontal;Baño;Moderno;Armonía;Equilibrado;Digital/3D
1404;Portal Tropical;Botanica;Hojas;Frío;verde, azul;Horizontal;Hall de Entrada;Moderno;Misterio;Protagonista;Digital/3D
1405;Monstera Profunda;Botanica;Hojas;Tierra;verde, marrón;Horizontal;Living;Moderno;Misterio;Protagonista;Fotográfica
1406;Marco Tropical;Botanica;Hojas;Tierra;verde, marrón;Horizontal;Hall de Entrada;Elegante;Elegancia;Protagonista;Digital/3D
1407;Jardín Vertical;Botanica;Hojas;Tierra;verde, blanco;Vertical;Baño;Nórdico;Armonía;Suave;Fotográfica
1408;Jardín de Acuarela;Botanica;Hojas;Tierra;verde, plateado;Horizontal;Baño;Nórdico;Calma;Suave;Ilustrativa
1409;Naturaleza Pura;Botanica;Hojas;Vibrante;verde, naranja;Vertical;Pasillo;Moderno;Energía;Protagonista;Fotográfica
1410;Hojas del Bosque;Botanica;Hojas;Metálico;verde, dorado;Horizontal;Hall de Entrada;Elegante;Elegancia;Protagonista;Digital/3D
1411;Verde Profundo;Botanica;Hojas;Vibrante;verde, naranja;Horizontal;Living;Moderno;Energía;Protagonista;Digital/3D
1412;Monstera sobre Mármol;Botanica;Hojas;Tierra;verde, plateado;Horizontal;Baño;Minimalista;Calma;Suave;Fotográfica
1413;Hojas Serenas;Botanica;Hojas;Tierra;verde, beige;Horizontal;Baño;Minimalista;Armonía;Suave;Ilustrativa
1414;Triángulo Esmeralda 2;Botanica;Hojas;Oscuro;verde, dorado;Horizontal;Hall de Entrada;Moderno;Misterio;Protagonista;Digital/3D
1415;Luz en la Selva;Botanica;Hojas;Oscuro;verde, azul;Horizontal;Hall de Entrada;Moderno;Misterio;Protagonista;Digital/3D
1417;Verano Dorado;Paisajes;Playa;Cálido;naranja, rojo;Vertical;Pasillo;Nórdico;Calma;Suave;Pictórica
1418;Espíritu Costero;Paisajes;Playa;Pastel;azul, blanco;Vertical;Pasillo;Clásico;Calma;Equilibrado;Pictórica
1419;El Susurro de las Olas;Paisajes;Playa;Pastel;azul, violeta;Vertical;Pasillo;Clásico;Alegría;Protagonista;Pictórica
1420;Horizonte Salino;Paisajes;Playa;Pastel;azul, blanco;Horizontal;Comedor;Clásico;Alegría;Protagonista;Pictórica
1421;Horizonte Azul;Paisajes;Playa;Pastel;azul, naranja;Horizontal;Dormitorio;Nórdico;Calma;Suave;Pictórica
1422;Playa Dorada;Paisajes;Playa;Cálido;naranja, azul;Horizontal;Dormitorio;Moderno;Energía;Protagonista;Ilustrativa
1423;Horizonte Infinito;Paisajes;Playa;Pastel;azul, blanco;Horizontal;Comedor;Clásico;Alegría;Protagonista;Pictórica
1424;Costa Turquesa;Paisajes;Playa;Frío;azul, blanco;Horizontal;Dormitorio;Clásico;Alegría;Protagonista;Pictórica
1425;Horizonte Turquesa;Paisajes;Playa;Cálido;naranja, azul;Horizontal;Dormitorio;Clásico;Calma;Equilibrado;Pictórica
1426;Barca en la Costa;Paisajes;Playa;Cálido;marrón, naranja;Horizontal;Dormitorio;Nórdico;Calma;Suave;Pictórica
1427;Terraza Mediterránea;Paisajes;Playa;Cálido;naranja, azul;Horizontal;Dormitorio;Nórdico;Armonía;Equilibrado;Pictórica
1428;Costa Eterna Azul;Paisajes;Playa;Frío;azul, blanco;Horizontal;Living;Nórdico;Libertad;Equilibrado;Ilustrativa
1429;Vela junto al Acantilado;Paisajes;Playa;Pastel;azul, verde;Horizontal;Dormitorio;Nórdico;Libertad;Equilibrado;Fotográfica
1430;Marea Dorada;Paisajes;Playa;Pastel;naranja, violeta;Horizontal;Dormitorio;Clásico;Calma;Equilibrado;Pictórica
1431;Verano Infinito;Paisajes;Playa;Pastel;azul, verde;Horizontal;Dormitorio;Nórdico;Calma;Equilibrado;Pictórica
1432;Sendero Costero;Paisajes;Playa;Cálido;azul, naranja;Horizontal;Dormitorio;Clásico;Libertad;Equilibrado;Pictórica
1433;Sal Eterna;Paisajes;Playa;Frío;azul, plateado;Horizontal;Dormitorio;Nórdico;Calma;Equilibrado;Pictórica
1435;Expresión;Abstracto;General;Vibrante;dorado, naranja;Horizontal;Hall de Entrada;Elegante;Energía;Protagonista;Abstracta
1436;Trazos del Viento;Abstracto;General;Frío;rojo, rosa;Horizontal;Hall de Entrada;Elegante;Fuerza;Protagonista;Abstracta
1437;Geometría del Alma 1;Abstracto;General;Frío;azul, dorado;Horizontal;Living;Elegante;Calma;Equilibrado;Abstracta
1438;Contrastes;Abstracto;General;Pastel;rosa, violeta;Horizontal;Dormitorio;Elegante;Calma;Equilibrado;Digital/3D
1439;Formas del Infinito;Abstracto;General;Frío;verde, naranja;Horizontal;Hall de Entrada;Elegante;Elegancia;Protagonista;Abstracta
1440;Ecos del Color;Abstracto;General;Pastel;rosa, violeta;Horizontal;Dormitorio;Elegante;Calma;Equilibrado;Digital/3D
1441;Silencio Cromático;Abstracto;General;Pastel;dorado, beige;Horizontal;Dormitorio;Elegante;Calma;Equilibrado;Digital/3D
1442;Resonancia;Abstracto;General;Pastel;beige, dorado;Horizontal;Dormitorio;Elegante;Armonía;Suave;Abstracta
1443;El Lenguaje del Color;Abstracto;General;Vibrante;violeta, amarillo;Horizontal;Hall de Entrada;Elegante;Energía;Protagonista;Abstracta
1444;Fluir 2;Abstracto;General;Vibrante;rosa, violeta;Horizontal;Living;Elegante;Alegría;Protagonista;Abstracta
1445;Armonía Cromática;Abstracto;General;Frío;verde, plateado;Horizontal;Hall de Entrada;Elegante;Misterio;Protagonista;Digital/3D
1446;Formas del Alma;Abstracto;General;Pastel;rosa, dorado;Horizontal;Dormitorio;Elegante;Romanticismo;Equilibrado;Collage/Mixta
1447;Paleta Infinita;Abstracto;General;Frío;azul, dorado;Horizontal;Hall de Entrada;Elegante;Fuerza;Protagonista;Abstracta
1448;Horizonte Rosado;Abstracto;General;Cálido;rosa, dorado;Horizontal;Dormitorio;Elegante;Calma;Suave;Pictórica
1449;Fragmentos de Luz;Abstracto;General;Frío;rojo, plateado;Horizontal;Hall de Entrada;Elegante;Fuerza;Protagonista;Abstracta
1450;El Arte del Equilibrio;Abstracto;General;Frío;naranja, plateado;Horizontal;Hall de Entrada;Elegante;Energía;Protagonista;Abstracta
1451;El Susurro del Cielo;Alas;General;Vibrante;dorado, amarillo;Horizontal;Hall de Entrada;Moderno;Libertad;Protagonista;Pictórica
1452;Alas de Luz 1;Alas;General;Pastel;rosa, dorado;Horizontal;Dormitorio;Nórdico;Libertad;Suave;Ilustrativa
1453;Esperanza Infinita;Alas;General;Metálico;dorado, amarillo;Horizontal;Hall de Entrada;Elegante;Libertad;Protagonista;Digital/3D
1454;Alas para Soñar;Alas;General;Metálico;naranja, dorado;Horizontal;Hall de Entrada;Elegante;Libertad;Protagonista;Pictórica
1455;Donde Nacen las Alas;Alas;General;Metálico;dorado, plateado;Vertical;Hall de Entrada;Elegante;Misterio;Protagonista;Digital/3D
1456;Elevarse;Alas;General;Metálico;plateado, marrón;Horizontal;Hall de Entrada;Industrial;Fuerza;Protagonista;Digital/3D
1457;Camino Celestial;Alas;General;Neutro;plateado, gris;Horizontal;Hall de Entrada;Industrial;Libertad;Protagonista;Digital/3D
1459;Alas Doradas;Alas;General;Metálico;dorado, amarillo;Vertical;Pasillo;Elegante;Libertad;Protagonista;Pictórica
1460;Flamenco Tropical;Animales;Flamenco;Pastel;rosa, dorado;Horizontal;Infantil/Juvenil;Moderno;Alegría;Protagonista;Ilustrativa
1461;La Elegancia Silenciosa;Animales;Flamenco;Cálido;rosa, rojo;Horizontal;Dormitorio;Moderno;Romanticismo;Equilibrado;Fotográfica
1462;Corazón Rosado;Animales;Flamenco;Pastel;rosa, rojo;Horizontal;Dormitorio;Moderno;Romanticismo;Equilibrado;Fotográfica
1463;El Paso del Agua;Animales;Flamenco;Pastel;rosa, rojo;Horizontal;Dormitorio;Nórdico;Calma;Suave;Fotográfica
1464;Reflejo al Atardecer;Animales;Flamenco;Cálido;rosa, rojo;Horizontal;Dormitorio;Nórdico;Calma;Suave;Fotográfica
1465;Elegancia en Equilibrio;Animales;Flamenco;Oscuro;rosa, rojo;Horizontal;Hall de Entrada;Moderno;Misterio;Protagonista;Fotográfica
1466;Postura Perfecta;Animales;Flamenco;Cálido;rosa, rojo;Horizontal;Dormitorio;Moderno;Calma;Equilibrado;Digital/3D
1467;Flamenco Cromático;Animales;Flamenco;Vibrante;rosa, rojo;Horizontal;Hall de Entrada;Moderno;Energía;Protagonista;Pictórica
1468;El Ballet Rosado;Animales;Flamenco;Cálido;naranja, rosa;Horizontal;Living;Moderno;Alegría;Protagonista;Fotográfica
1469;Flamenco de Acuarela;Animales;Flamenco;Cálido;rosa, rojo;Horizontal;Infantil/Juvenil;Minimalista;Alegría;Equilibrado;Ilustrativa
1470;La Quietud Rosada;Animales;Flamenco;Pastel;rosa, naranja;Horizontal;Living;Moderno;Armonía;Equilibrado;Fotográfica
1471;Distorsión y Libertad;Musical;Rock Nacional;Oscuro;negro, violeta;Horizontal;Infantil/Juvenil;Industrial;Misterio;Protagonista;Fotográfica
1472;Retrato Cósmico;Musical;Rock Nacional;Frío;rojo, verde;Horizontal;Infantil/Juvenil;Moderno;Inspiración;Protagonista;Collage/Mixta
1473;Guitarra Roja;Musical;Rock Nacional;Cálido;rojo, verde;Horizontal;Infantil/Juvenil;Industrial;Inspiración;Protagonista;Fotográfica
1474;Escenario Encendido;Musical;Rock Nacional;Oscuro;violeta, plateado;Horizontal;Infantil/Juvenil;Moderno;Energía;Protagonista;Fotográfica
1475;El Espíritu del Escenario;Musical;Rock Nacional;Oscuro;naranja, verde;Horizontal;Infantil/Juvenil;Moderno;Inspiración;Protagonista;Collage/Mixta
1476;Voz en Escena;Musical;Rock Nacional;Oscuro;plateado, violeta;Horizontal;Infantil/Juvenil;Industrial;Energía;Protagonista;Fotográfica
1477;El Sonido Rebelde;Musical;Rock Nacional;Frío;violeta, dorado;Horizontal;Infantil/Juvenil;Moderno;Energía;Protagonista;Collage/Mixta
1478;Rock del Alma;Musical;Rock Nacional;Oscuro;violeta, azul;Horizontal;Infantil/Juvenil;Industrial;Misterio;Protagonista;Fotográfica
1479;Frescura Madura;Comida;Frutas;Vibrante;naranja, rojo;Vertical;Cocina;Moderno;Alegría;Protagonista;Pictórica
1480;El Sabor de la Tierra;Comida;Frutas;Vibrante;violeta, naranja;Horizontal;Cocina;Moderno;Alegría;Protagonista;Ilustrativa
1481;Naturaleza Viva y Dulce;Comida;Frutas;Frío;naranja, azul;Horizontal;Cocina;Industrial;Fuerza;Protagonista;Pictórica
1482;Frescor Dulce;Comida;Frutas;Vibrante;amarillo, naranja;Horizontal;Cocina;Clásico;Armonía;Equilibrado;Pictórica
1483;Cosecha del Sol;Comida;Frutas;Vibrante;violeta, amarillo;Horizontal;Cocina;Moderno;Alegría;Protagonista;Pictórica
1484;Colores del Huerto;Comida;Frutas;Vibrante;naranja, violeta;Horizontal;Cocina;Moderno;Energía;Protagonista;Pictórica
1485;La Naturaleza Dulce;Comida;Frutas;Vibrante;amarillo, violeta;Horizontal;Cocina;Nórdico;Alegría;Suave;Ilustrativa
1486;El Sabor del Sol;Comida;Frutas;Vibrante;naranja, violeta;Vertical;Cocina;Clásico;Armonía;Equilibrado;Ilustrativa
1487;Sabores Naturales;Comida;Frutas;Vibrante;naranja, amarillo;Vertical;Cocina;Moderno;Energía;Protagonista;Pictórica
1488;El Huerto Vivo;Comida;Frutas;Vibrante;amarillo, rosa;Vertical;Cocina;Boho;Alegría;Protagonista;Collage/Mixta
1489;Cosecha Vital;Comida;Frutas;Vibrante;violeta, amarillo;Vertical;Cocina;Clásico;Armonía;Equilibrado;Pictórica
1490;Frescura del Huerto;Comida;Frutas;Vibrante;amarillo, azul;Horizontal;Cocina;Clásico;Armonía;Protagonista;Digital/3D
1491;El Sabor Dorado;Comida;Frutas;Vibrante;naranja, violeta;Horizontal;Cocina;Moderno;Energía;Protagonista;Pictórica
1492;Naturaleza en Cosecha;Comida;Frutas;Cálido;amarillo, naranja;Horizontal;Cocina;Moderno;Alegría;Protagonista;Pictórica
1493;El Sabor Natural;Comida;Frutas;Vibrante;naranja, amarillo;Horizontal;Cocina;Clásico;Armonía;Protagonista;Pictórica
1494;Cosecha de Sol;Comida;Frutas;Vibrante;rojo, verde;Horizontal;Cocina;Minimalista;Alegría;Protagonista;Fotográfica
1495;Sandías Pintadas;Comida;Frutas;Vibrante;rojo, naranja;Horizontal;Cocina;Moderno;Energía;Protagonista;Pictórica
1496;Cosecha de Verano;Comida;Frutas;Vibrante;amarillo, naranja;Horizontal;Cocina;Minimalista;Alegría;Equilibrado;Fotográfica
1497;Frescura Dorada;Comida;Frutas;Vibrante;amarillo, rosa;Horizontal;Cocina;Moderno;Alegría;Protagonista;Digital/3D
1498;Frescura Vital;Comida;Frutas;Cálido;rojo, violeta;Horizontal;Cocina;Elegante;Elegancia;Protagonista;Digital/3D
1499;Racimo Púrpura;Comida;Frutas;Pastel;violeta, rojo;Horizontal;Cocina;Minimalista;Calma;Equilibrado;Fotográfica
1500;Naturaleza Dulce;Comida;Frutas;Frío;rojo, violeta;Horizontal;Cocina;Minimalista;Fuerza;Protagonista;Fotográfica
1501;Frutos Dorados;Comida;Frutas;Vibrante;amarillo, verde;Horizontal;Cocina;Moderno;Energía;Protagonista;Fotográfica
1502;La Dulzura Natural;Comida;Frutas;Vibrante;naranja, amarillo;Vertical;Cocina;Moderno;Energía;Protagonista;Ilustrativa
1503;Colores de Verano;Comida;Frutas;Metálico;amarillo, verde;Horizontal;Cocina;Moderno;Alegría;Protagonista;Ilustrativa
1504;Frescura Natural;Comida;Frutas;Vibrante;naranja, amarillo;Horizontal;Cocina;Moderno;Alegría;Protagonista;Ilustrativa
1505;Uvas Maduras;Comida;Frutas;Frío;violeta, rojo;Horizontal;Cocina;Minimalista;Armonía;Equilibrado;Fotográfica
1506;Sandías de Verano;Comida;Frutas;Vibrante;rojo, verde;Horizontal;Cocina;Nórdico;Alegría;Equilibrado;Ilustrativa
1507;El Color de la Fruta;Comida;Frutas;Neutro;amarillo, beige;Horizontal;Cocina;Moderno;Energía;Protagonista;Fotográfica
1508;Frescor Natural;Comida;Frutas;Neutro;amarillo, beige;Horizontal;Cocina;Minimalista;Alegría;Equilibrado;Fotográfica
1509;Frutos de la Tierra;Comida;Frutas;Vibrante;violeta, rojo;Horizontal;Cocina;Minimalista;Armonía;Equilibrado;Fotográfica
1510;Frutos Naturales;Comida;Frutas;Cálido;rojo, naranja;Horizontal;Cocina;Minimalista;Armonía;Equilibrado;Fotográfica
1511;Cala Blanca 1;Botanica;Flores;Blanco y Negro;blanco, amarillo;Vertical;Pasillo;Elegante;Elegancia;Protagonista;Fotográfica
1512;Cala en la Oscuridad;Botanica;Flores;Blanco y Negro;blanco, amarillo;Vertical;Pasillo;Elegante;Elegancia;Protagonista;Fotográfica
1513;Dúo de Calas 1;Botanica;Flores;Frío;azul, blanco;Vertical;Pasillo;Elegante;Elegancia;Protagonista;Fotográfica
1514;Tulipanes Blancos;Botanica;Flores;Neutro;blanco, amarillo;Vertical;Pasillo;Elegante;Elegancia;Protagonista;Fotográfica
1515;Calas en Contraluz;Botanica;Flores;Blanco y Negro;blanco, amarillo;Vertical;Pasillo;Elegante;Elegancia;Protagonista;Fotográfica
1516;Flores Eternas;Botanica;Flores;Oscuro;blanco, verde;Vertical;Pasillo;Minimalista;Calma;Equilibrado;Fotográfica
1517;Calas Iluminadas;Botanica;Flores;Blanco y Negro;blanco, plateado;Vertical;Pasillo;Elegante;Elegancia;Protagonista;Fotográfica
1518;Donde Florece el Alma 2;Botanica;Flores;Oscuro;blanco, amarillo;Vertical;Pasillo;Minimalista;Calma;Equilibrado;Fotográfica
1519;Armonía Floral;Botanica;Flores;Neutro;blanco, beige;Vertical;Pasillo;Minimalista;Calma;Equilibrado;Fotográfica
1520;Cala Curvada;Botanica;Flores;Oscuro;blanco, verde;Vertical;Pasillo;Minimalista;Calma;Equilibrado;Fotográfica
1521;Cala en Cristal;Botanica;Flores;Blanco y Negro;blanco, amarillo;Vertical;Pasillo;Elegante;Elegancia;Protagonista;Fotográfica
1522;Cala de Luz;Botanica;Flores;Oscuro;amarillo, blanco;Vertical;Pasillo;Elegante;Elegancia;Protagonista;Fotográfica
1523;Naturaleza Infinita 2;Botanica;Flores;Oscuro;blanco, amarillo;Vertical;Pasillo;Elegante;Elegancia;Protagonista;Fotográfica
1524;Renacer en Flor;Botanica;Flores;Metálico;blanco, naranja;Vertical;Pasillo;Elegante;Elegancia;Protagonista;Fotográfica
1525;Gladiolos Blancos;Botanica;Flores;Blanco y Negro;blanco, verde;Vertical;Pasillo;Elegante;Elegancia;Protagonista;Fotográfica
1526;Calas Gráficas;Botanica;Flores;Neutro;blanco, plateado;Vertical;Pasillo;Moderno;Elegancia;Protagonista;Ilustrativa
1527;Primavera Eterna;Botanica;Flores;Pastel;blanco, verde;Vertical;Pasillo;Nórdico;Calma;Suave;Collage/Mixta
1528;Flores de Luz;Botanica;Flores;Neutro;blanco, verde;Vertical;Pasillo;Minimalista;Elegancia;Equilibrado;Ilustrativa
1529;Cala Minimalista;Botanica;Flores;Neutro;blanco, verde;Vertical;Pasillo;Minimalista;Elegancia;Equilibrado;Ilustrativa
1530;El Susurro de las Flores;Botanica;Flores;Pastel;blanco, azul;Vertical;Baño;Minimalista;Calma;Suave;Fotográfica
1531;Naturaleza Serena 1;Botanica;Flores;Pastel;blanco, verde;Vertical;Baño;Minimalista;Calma;Suave;Fotográfica
1532;Cala sobre Gris;Botanica;Flores;Pastel;blanco, naranja;Vertical;Baño;Minimalista;Calma;Suave;Fotográfica
1534;Interior de Cala;Botanica;Flores;Metálico;blanco, amarillo;Vertical;Pasillo;Elegante;Elegancia;Protagonista;Fotográfica
1535;Calas Blancas;Botanica;Flores;Metálico;blanco, amarillo;Vertical;Pasillo;Elegante;Elegancia;Protagonista;Fotográfica
1536;Cala de Perfil;Botanica;Flores;Oscuro;blanco, amarillo;Vertical;Pasillo;Elegante;Elegancia;Protagonista;Fotográfica
1537;Cala Blanca en Negro;Botanica;Flores;Blanco y Negro;blanco, amarillo;Vertical;Pasillo;Elegante;Elegancia;Protagonista;Fotográfica
1538;Primavera sin Fin;Botanica;Flores;Pastel;blanco, amarillo;Vertical;Baño;Nórdico;Calma;Suave;Digital/3D
1539;Cala Solitaria;Botanica;Flores;Blanco y Negro;blanco, plateado;Vertical;Pasillo;Elegante;Elegancia;Protagonista;Fotográfica
1540;Girasoles sobre Madera;Botanica;Flores;Cálido;amarillo, naranja;Horizontal;Comedor;Nórdico;Alegría;Equilibrado;Fotográfica
1541;Jardín Dorado 2;Botanica;Flores;Cálido;amarillo, naranja;Horizontal;Dormitorio;Clásico;Alegría;Protagonista;Fotográfica
1542;Trío de Girasoles;Botanica;Flores;Vibrante;amarillo, naranja;Horizontal;Comedor;Nórdico;Alegría;Equilibrado;Fotográfica
1543;Ramo de Girasoles;Botanica;Flores;Cálido;amarillo, verde;Horizontal;Dormitorio;Nórdico;Alegría;Suave;Fotográfica
1544;Girasoles sobre Blanco;Botanica;Flores;Cálido;amarillo, naranja;Horizontal;Comedor;Nórdico;Alegría;Equilibrado;Fotográfica
1545;Delicadeza de Pétalos;Botanica;Flores;Cálido;amarillo, naranja;Horizontal;Comedor;Moderno;Alegría;Protagonista;Fotográfica
1546;Campo de girasoles 2;Botanica;Flores;Cálido;amarillo, naranja;Horizontal;Comedor;Moderno;Energía;Protagonista;Fotográfica
1547;Girasol en Primer Plano;Botanica;Flores;Cálido;amarillo, verde;Horizontal;Dormitorio;Nórdico;Alegría;Equilibrado;Fotográfica
1548;Girasoles al Atardecer;Botanica;Flores;Cálido;amarillo, naranja;Horizontal;Living;Moderno;Alegría;Protagonista;Fotográfica
1549;Girasol bajo el Cielo;Botanica;Flores;Vibrante;amarillo, verde;Horizontal;Dormitorio;Nórdico;Alegría;Equilibrado;Fotográfica
1550;Girasol Reflejado;Botanica;Flores;Metálico;amarillo, naranja;Horizontal;Living;Moderno;Alegría;Protagonista;Fotográfica
1551;La Belleza del Pétalo;Botanica;Flores;Frío;azul, gris;Horizontal;Baño;Minimalista;Calma;Suave;Ilustrativa
1552;Cala sobre Rosa;Botanica;Flores;Pastel;blanco, rosa;Vertical;Dormitorio;Minimalista;Romanticismo;Equilibrado;Fotográfica
1553;La Textura de un Pétalo;Botanica;Flores;Pastel;blanco, verde;Vertical;Baño;Minimalista;Calma;Suave;Fotográfica
1554;El Color del Pétalo;Botanica;Flores;Pastel;blanco, amarillo;Vertical;Baño;Minimalista;Calma;Suave;Fotográfica
1555;Calas en Terracota;Botanica;Flores;Pastel;blanco, amarillo;Horizontal;Dormitorio;Nórdico;Calma;Equilibrado;Fotográfica
1556;Ramo de Calas Blancas;Botanica;Flores;Pastel;blanco, verde;Horizontal;Dormitorio;Nórdico;Armonía;Equilibrado;Fotográfica
1557;Cala bajo el Cielo 1;Botanica;Flores;Pastel;blanco, plateado;Horizontal;Baño;Minimalista;Calma;Equilibrado;Fotográfica
1558;Dúo de Calas 2;Botanica;Flores;Metálico;amarillo, blanco;Horizontal;Baño;Moderno;Alegría;Equilibrado;Fotográfica
1559;Calas en Serie;Botanica;Flores;Pastel;blanco, azul;Horizontal;Baño;Minimalista;Calma;Suave;Fotográfica
1560;Ramo Blanco de Calas;Botanica;Flores;Pastel;blanco, naranja;Vertical;Pasillo;Elegante;Elegancia;Equilibrado;Fotográfica
1562;Calas en Rosa y Lila;Botanica;Flores;Pastel;blanco, violeta;Horizontal;Dormitorio;Moderno;Romanticismo;Equilibrado;Fotográfica
1563;Calas Entrelazadas;Botanica;Flores;Metálico;blanco, amarillo;Horizontal;Baño;Minimalista;Armonía;Suave;Fotográfica
1564;La Elegancia Natural;Botanica;Flores;Vibrante;naranja, amarillo;Horizontal;Living;Moderno;Alegría;Protagonista;Pictórica
1565;Calas de Rocío;Botanica;Flores;Metálico;blanco, naranja;Horizontal;Hall de Entrada;Elegante;Elegancia;Protagonista;Digital/3D
1566;Jardín de Calas;Botanica;Flores;Pastel;blanco, amarillo;Horizontal;Dormitorio;Nórdico;Calma;Equilibrado;Ilustrativa
1567;Flor de Luz Serena;Botanica;Flores;Cálido;naranja, amarillo;Horizontal;Living;Boho;Alegría;Protagonista;Ilustrativa
1568;Flor de Rocío;Botanica;Flores;Vibrante;naranja, rojo;Horizontal;Hall de Entrada;Moderno;Energía;Protagonista;Digital/3D
1569;Calas y Eucaliptos;Botanica;Flores;Metálico;plateado, gris;Horizontal;Hall de Entrada;Elegante;Elegancia;Protagonista;Ilustrativa
1570;Calas en Ocre;Botanica;Flores;Cálido;naranja, amarillo;Horizontal;Dormitorio;Boho;Calma;Suave;Ilustrativa
1571;Calas Escarlata;Botanica;Flores;Cálido;rojo, violeta;Horizontal;Hall de Entrada;Moderno;Energía;Protagonista;Pictórica
1572;Calas sobre Negro;Botanica;Flores;Blanco y Negro;blanco, verde;Horizontal;Hall de Entrada;Elegante;Elegancia;Protagonista;Fotográfica
1573;Trío de Calas;Botanica;Flores;Blanco y Negro;blanco, plateado;Horizontal;Hall de Entrada;Elegante;Elegancia;Protagonista;Digital/3D
1574;Cala en Contraluz;Botanica;Flores;Cálido;blanco, verde;Horizontal;Hall de Entrada;Elegante;Elegancia;Protagonista;Digital/3D
1575;Delicadeza Floral;Botanica;Flores;Metálico;blanco, plateado;Horizontal;Hall de Entrada;Elegante;Misterio;Protagonista;Digital/3D
1576;Calas de Acuarela;Botanica;Flores;Pastel;blanco, plateado;Horizontal;Dormitorio;Nórdico;Calma;Suave;Ilustrativa
1577;Flor de Ensueño;Botanica;Flores;Frío;blanco, plateado;Horizontal;Dormitorio;Elegante;Calma;Equilibrado;Pictórica
1578;La Flor del Silencio;Botanica;Flores;Pastel;blanco, plateado;Horizontal;Living;Elegante;Armonía;Protagonista;Digital/3D
1579;Flores Escarlata;Botanica;Flores;Cálido;rojo, naranja;Horizontal;Hall de Entrada;Elegante;Fuerza;Protagonista;Fotográfica
1580;Alas Blancas;Alas;General;Neutro;plateado, blanco;Horizontal;Hall de Entrada;Elegante;Libertad;Protagonista;Digital/3D
1581;Alas de Libertad;Alas;General;Neutro;plateado, blanco;Horizontal;Hall de Entrada;Elegante;Libertad;Protagonista;Digital/3D
1582;Alas Plateadas;Alas;General;Blanco y Negro;plateado, blanco;Horizontal;Hall de Entrada;Elegante;Libertad;Protagonista;Digital/3D
1583;Alas Eternas;Alas;General;Neutro;plateado, blanco;Horizontal;Hall de Entrada;Elegante;Libertad;Protagonista;Digital/3D
1584;Alas Extendidas;Alas;General;Oscuro;plateado, blanco;Horizontal;Hall de Entrada;Elegante;Libertad;Protagonista;Digital/3D
1585;Equilibrio;Abstracto;General;Metálico;dorado, plateado;Horizontal;Hall de Entrada;Elegante;Fuerza;Protagonista;Abstracta
1586;Belleza Abstracta;Abstracto;General;Metálico;dorado, marrón;Horizontal;Hall de Entrada;Elegante;Fuerza;Protagonista;Digital/3D
1587;Pulso;Abstracto;General;Metálico;dorado, negro;Horizontal;Living;Elegante;Elegancia;Equilibrado;Abstracta
1588;Fragmentos del Alma 1;Abstracto;General;Metálico;dorado, negro;Horizontal;Living;Elegante;Misterio;Protagonista;Abstracta
1589;Travesía Abstracta;Abstracto;General;Metálico;plateado, dorado;Horizontal;Hall de Entrada;Elegante;Elegancia;Protagonista;Digital/3D
1590;Origen;Abstracto;General;Metálico;dorado, amarillo;Horizontal;Oficina;Moderno;Inspiración;Equilibrado;Digital/3D
1591;Resonancia Interior;Abstracto;General;Metálico;dorado, plateado;Horizontal;Hall de Entrada;Elegante;Fuerza;Protagonista;Digital/3D
1592;Composición Eterna;Abstracto;General;Metálico;dorado, amarillo;Horizontal;Hall de Entrada;Moderno;Energía;Protagonista;Digital/3D
1593;Rama Dorada;Botanica;Arboles;Neutro;amarillo, dorado;Horizontal;Hall de Entrada;Elegante;Alegría;Protagonista;Ilustrativa
1594;El Árbol de la Eternidad;Botanica;Arboles;Vibrante;amarillo, naranja;Horizontal;Living;Moderno;Alegría;Protagonista;Fotográfica
1595;Floración Dorada;Botanica;Arboles;Metálico;amarillo, negro;Horizontal;Hall de Entrada;Elegante;Elegancia;Protagonista;Ilustrativa
1596;Rama en Oro;Botanica;Arboles;Metálico;amarillo, dorado;Horizontal;Hall de Entrada;Elegante;Elegancia;Protagonista;Ilustrativa
1597;Floración Nocturna;Botanica;Arboles;Oscuro;amarillo, dorado;Horizontal;Dormitorio;Moderno;Calma;Equilibrado;Fotográfica
1598;Hojas de Ginkgo;Botanica;Arboles;Cálido;amarillo, naranja;Horizontal;Living;Moderno;Energía;Protagonista;Fotográfica
1599;Copa Dorada;Botanica;Arboles;Vibrante;amarillo, azul;Horizontal;Living;Nórdico;Alegría;Equilibrado;Fotográfica
1600;Luz entre las Ramas 1;Botanica;Arboles;Cálido;amarillo, naranja;Horizontal;Dormitorio;Moderno;Alegría;Protagonista;Fotográfica
1601;Follaje Dorado 2;Botanica;Arboles;Cálido;amarillo, naranja;Horizontal;Living;Moderno;Alegría;Protagonista;Fotográfica
1602;Árbol de Luz 1;Botanica;Arboles;Cálido;amarillo, dorado;Horizontal;Hall de Entrada;Moderno;Misterio;Protagonista;Fotográfica
1603;Horizonte Abstracto;Paisajes;Luna;Cálido;amarillo, naranja;Vertical;Pasillo;Elegante;Calma;Equilibrado;Pictórica
1607;El Canto Lunar;Paisajes;Luna;Frío;azul, violeta;Vertical;Dormitorio;Boho;Misterio;Protagonista;Collage/Mixta
1610;Luna de Medianoche;Paisajes;Luna;Oscuro;amarillo, naranja;Horizontal;Dormitorio;Boho;Misterio;Protagonista;Ilustrativa
1611;Órbitas Lunares;Paisajes;Luna;Metálico;naranja, plateado;Vertical;Hall de Entrada;Moderno;Misterio;Protagonista;Collage/Mixta
1613;Infancia Cósmica;Paisajes;Luna;Frío;azul, dorado;Horizontal;Infantil/Juvenil;Moderno;Inspiración;Protagonista;Collage/Mixta
1614;Círculo Floral;Paisajes;Luna;Neutro;amarillo, blanco;Vertical;Dormitorio;Minimalista;Calma;Suave;Collage/Mixta
1615;Secuencia Lunar;Paisajes;Luna;Neutro;violeta, plateado;Horizontal;Dormitorio;Minimalista;Calma;Suave;Ilustrativa
1616;Órbita Dorada;Paisajes;Luna;Frío;amarillo, dorado;Vertical;Hall de Entrada;Moderno;Misterio;Protagonista;Abstracta
1625;Luna Roja sobre el Mar;Paisajes;Luna;Oscuro;naranja, rojo;Vertical;Dormitorio;Moderno;Fuerza;Protagonista;Pictórica
1626;Luna Pastel;Paisajes;Luna;Pastel;naranja, rosa;Horizontal;Dormitorio;Nórdico;Calma;Suave;Pictórica
1627;El Canto de la Noche;Paisajes;Luna;Frío;azul, violeta;Horizontal;Infantil/Juvenil;Boho;Inspiración;Protagonista;Ilustrativa
1628;Bosque Lunar;Paisajes;Luna;Frío;plateado, gris;Horizontal;Dormitorio;Nórdico;Calma;Equilibrado;Ilustrativa
1631;Luna Llena;Paisajes;Luna;Oscuro;naranja, amarillo;Horizontal;Dormitorio;Minimalista;Misterio;Equilibrado;Fotográfica
1632;Vigilia de Plata;Paisajes;Luna;Frío;plateado, gris;Horizontal;Dormitorio;Minimalista;Calma;Suave;Ilustrativa
1644;Noche del Lobo;Animales;Lobos;Oscuro;plateado, violeta;Horizontal;Hall de Entrada;Moderno;Fuerza;Protagonista;Digital/3D
1645;Lobo en Reposo;Animales;Lobos;Frío;blanco, plateado;Horizontal;Dormitorio;Nórdico;Calma;Suave;Ilustrativa
1646;Manada en Invierno;Animales;Lobos;Frío;plateado, dorado;Horizontal;Living;Moderno;Fuerza;Protagonista;Ilustrativa
1647;Espíritu Errante;Animales;Lobos;Oscuro;plateado, gris;Horizontal;Hall de Entrada;Moderno;Misterio;Protagonista;Digital/3D
1648;El Alma Salvaje;Animales;Lobos;Cálido;plateado, amarillo;Horizontal;Living;Moderno;Armonía;Protagonista;Pictórica
1649;Familia Salvaje;Animales;Lobos;Cálido;plateado, naranja;Horizontal;Living;Moderno;Armonía;Protagonista;Digital/3D
1650;Retrato Salvaje 2;Animales;Lobos;Frío;plateado, gris;Horizontal;Hall de Entrada;Boho;Fuerza;Protagonista;Ilustrativa
1651;Refugio de la Manada;Animales;Lobos;Cálido;plateado, marrón;Horizontal;Living;Nórdico;Armonía;Equilibrado;Digital/3D
1652;Lobo bajo la Luna;Animales;Lobos;Oscuro;gris, plateado;Horizontal;Hall de Entrada;Moderno;Misterio;Protagonista;Digital/3D
1653;Familia de Lobos;Animales;Lobos;Frío;plateado, gris;Vertical;Living;Nórdico;Armonía;Equilibrado;Ilustrativa
1654;Mirada Salvaje 1;Animales;Lobos;Frío;naranja, gris;Horizontal;Hall de Entrada;Industrial;Fuerza;Protagonista;Pictórica
1655;Manada Unida;Animales;Lobos;Frío;naranja, verde;Horizontal;Living;Boho;Libertad;Protagonista;Ilustrativa
1656;Aullido Doble;Animales;Lobos;Metálico;plateado, gris;Vertical;Hall de Entrada;Boho;Misterio;Protagonista;Ilustrativa
1657;Manada entre Flores;Animales;Lobos;Cálido;violeta, plateado;Horizontal;Infantil/Juvenil;Boho;Armonía;Protagonista;Ilustrativa
1658;Manada Eterna;Animales;Lobos;Cálido;plateado, amarillo;Vertical;Infantil/Juvenil;Clásico;Armonía;Protagonista;Digital/3D
1659;Trío Salvaje;Animales;Lobos;Metálico;plateado, naranja;Horizontal;Living;Moderno;Armonía;Protagonista;Pictórica
1660;Dúo Salvaje;Animales;Lobos;Metálico;plateado, azul;Horizontal;Living;Boho;Armonía;Equilibrado;Ilustrativa
1661;Girasol en Contraste;Botanica;Flores;Vibrante;amarillo, naranja;Vertical;Hall de Entrada;Moderno;Energía;Protagonista;Fotográfica
1662;Lobos en la Llanura;Animales;Lobos;Frío;plateado, gris;Horizontal;Living;Nórdico;Libertad;Equilibrado;Ilustrativa
1663;Movimiento Eterno;Abstracto;General;Metálico;plateado, dorado;Vertical;Pasillo;Moderno;Misterio;Protagonista;Abstracta
1664;Inspiración;Abstracto;General;Metálico;dorado, negro;Horizontal;Living;Industrial;Fuerza;Protagonista;Abstracta
1665;Aura;Abstracto;General;Metálico;dorado, amarillo;Horizontal;Hall de Entrada;Industrial;Fuerza;Protagonista;Abstracta
1666;Esencia;Abstracto;General;Metálico;dorado, plateado;Horizontal;Hall de Entrada;Elegante;Fuerza;Protagonista;Abstracta
1667;Hojas Doradas al Sol;Botanica;Hojas;Metálico;dorado, plateado;Horizontal;Living;Elegante;Energía;Protagonista;Fotográfica
1668;Fusión;Abstracto;General;Metálico;amarillo, plateado;Horizontal;Living;Industrial;Armonía;Equilibrado;Abstracta
1669;Espiral Dorada;Abstracto;General;Metálico;dorado, amarillo;Horizontal;Hall de Entrada;Industrial;Fuerza;Protagonista;Abstracta
1675;Reflejo Metálico;Abstracto;General;Metálico;plateado, gris;Horizontal;Oficina;Minimalista;Calma;Suave;Fotográfica
1676;Loto de Luz;Botanica;Flores;Cálido;naranja, rojo;Horizontal;Dormitorio;Elegante;Misterio;Protagonista;Digital/3D
1677;Loto al Amanecer;Botanica;Flores;Cálido;naranja, rosa;Horizontal;Dormitorio;Elegante;Calma;Equilibrado;Digital/3D
1678;Lotos de Luz;Botanica;Flores;Vibrante;naranja, violeta;Horizontal;Hall de Entrada;Elegante;Energía;Protagonista;Digital/3D
1679;Loto de Cristal;Botanica;Flores;Vibrante;naranja, plateado;Horizontal;Hall de Entrada;Moderno;Energía;Protagonista;Digital/3D
1680;Lotos Blancos;Botanica;Flores;Pastel;naranja, blanco;Horizontal;Baño;Nórdico;Calma;Suave;Digital/3D
1681;Flor de Terciopelo;Botanica;Flores;Pastel;naranja, verde;Horizontal;Baño;Nórdico;Calma;Equilibrado;Fotográfica
1682;Flor Silente;Botanica;Flores;Pastel;rosa, verde;Horizontal;Baño;Boho;Calma;Equilibrado;Ilustrativa
1683;Jardín de Lotos;Botanica;Flores;Pastel;rosa, naranja;Horizontal;Baño;Elegante;Armonía;Protagonista;Digital/3D
1684;Loto Encendido;Botanica;Flores;Vibrante;naranja, rosa;Horizontal;Hall de Entrada;Moderno;Energía;Protagonista;Digital/3D
1685;Cala Blanca 2;Botanica;Flores;Cálido;blanco, amarillo;Horizontal;Baño;Minimalista;Calma;Suave;Fotográfica
1686;Calas de Marfil;Botanica;Flores;Pastel;blanco, amarillo;Horizontal;Dormitorio;Elegante;Calma;Equilibrado;Digital/3D
1687;Cala bajo el Cielo 2;Botanica;Flores;Pastel;blanco, plateado;Horizontal;Baño;Minimalista;Calma;Equilibrado;Fotográfica
1688;El Susurro de los Pétalos;Botanica;Flores;Blanco y Negro;blanco, amarillo;Horizontal;Hall de Entrada;Elegante;Elegancia;Protagonista;Fotográfica
1689;Pétalos Suaves;Botanica;Flores;Pastel;blanco, plateado;Horizontal;Dormitorio;Nórdico;Calma;Equilibrado;Ilustrativa
1690;El Arte de Pensar;Deporte;Ajedrez;Oscuro;naranja, plateado;Horizontal;Oficina;Elegante;Inspiración;Protagonista;Fotográfica
1691;Caballo Estratégico;Deporte;Ajedrez;Metálico;plateado, violeta;Horizontal;Oficina;Elegante;Inspiración;Protagonista;Fotográfica
1692;Táctica Silenciosa;Deporte;Ajedrez;Oscuro;rojo, negro;Horizontal;Oficina;Moderno;Misterio;Protagonista;Digital/3D
1693;Jugada Silenciosa;Deporte;Ajedrez;Oscuro;amarillo, marrón;Horizontal;Oficina;Industrial;Inspiración;Protagonista;Fotográfica
1694;Rey Coronado;Deporte;Ajedrez;Metálico;violeta, plateado;Horizontal;Oficina;Clásico;Inspiración;Protagonista;Fotográfica
1695;El Arte de la Estrategia;Deporte;Ajedrez;Oscuro;amarillo, plateado;Horizontal;Oficina;Minimalista;Fuerza;Protagonista;Fotográfica
1696;El Rey Interior;Deporte;Ajedrez;Metálico;plateado, dorado;Horizontal;Oficina;Moderno;Inspiración;Protagonista;Fotográfica
1697;Reino del Ajedrez;Deporte;Ajedrez;Metálico;amarillo, dorado;Horizontal;Oficina;Moderno;Fuerza;Protagonista;Digital/3D
1698;El Árbol de la Esperanza;Botanica;Arboles;Pastel;rosa, amarillo;Horizontal;Dormitorio;Nórdico;Calma;Suave;Ilustrativa
1699;Legado Eterno;Botanica;Arboles;Pastel;rosa, amarillo;Horizontal;Dormitorio;Nórdico;Calma;Suave;Ilustrativa
1700;Pétalos de Seda;Botanica;Flores;Pastel;amarillo, violeta;Horizontal;Dormitorio;Boho;Alegría;Protagonista;Pictórica
1701;Cielo de Cerezos;Botanica;Arboles;Pastel;rosa, violeta;Horizontal;Dormitorio;Nórdico;Romanticismo;Suave;Ilustrativa
1702;Reflejos del Atardecer;Botanica;Arboles;Pastel;violeta, amarillo;Vertical;Dormitorio;Clásico;Calma;Equilibrado;Pictórica
1703;Florecer;Botanica;Arboles;Cálido;rojo, rosa;Horizontal;Living;Boho;Energía;Protagonista;Ilustrativa
1704;Barricas del Tiempo;Bodegas;General;Cálido;rojo, violeta;Horizontal;Comedor;Clásico;Elegancia;Protagonista;Fotográfica
1705;El Ritual del Vino;Bodegas;General;Oscuro;rojo, violeta;Horizontal;Comedor;Elegante;Elegancia;Protagonista;Fotográfica
1706;Tradición en Copa;Bodegas;General;Vibrante;violeta, rojo;Horizontal;Comedor;Clásico;Armonía;Equilibrado;Fotográfica
1707;Cava de Barricas;Bodegas;General;Oscuro;marrón, negro;Horizontal;Comedor;Industrial;Elegancia;Protagonista;Fotográfica
1708;El Legado del Vino;Bodegas;General;Oscuro;rojo, violeta;Horizontal;Comedor;Clásico;Elegancia;Protagonista;Fotográfica
1709;Cerveza de Barrica;Bodegas;General;Cálido;verde, marrón;Horizontal;Cocina;Industrial;Alegría;Protagonista;Fotográfica
1710;Brindis Cervecero;Bodegas;General;Cálido;marrón, naranja;Horizontal;Cocina;Clásico;Alegría;Protagonista;Fotográfica
1711;Mesa de Bodega;Bodegas;General;Cálido;amarillo, dorado;Horizontal;Comedor;Clásico;Armonía;Protagonista;Fotográfica
1712;El Corazón de la Bodega;Bodegas;General;Vibrante;verde, rojo;Horizontal;Comedor;Nórdico;Alegría;Equilibrado;Fotográfica
1713;Tesoros de la Bodega;Bodegas;General;Cálido;violeta, rojo;Horizontal;Comedor;Industrial;Misterio;Protagonista;Fotográfica
1714;Brindis al Atardecer;Bodegas;General;Oscuro;blanco, amarillo;Horizontal;Comedor;Elegante;Calma;Equilibrado;Fotográfica
1715;Vino en Movimiento;Bodegas;General;Frío;rojo, violeta;Horizontal;Comedor;Minimalista;Elegancia;Protagonista;Fotográfica
1716;Latido del Vino;Bodegas;General;Oscuro;rojo, dorado;Horizontal;Comedor;Moderno;Energía;Protagonista;Collage/Mixta
1717;Cena de Bodega;Bodegas;General;Oscuro;rojo, violeta;Horizontal;Comedor;Clásico;Armonía;Protagonista;Fotográfica
1718;Cena junto al Fuego;Bodegas;General;Cálido;marrón, rojo;Horizontal;Comedor;Clásico;Calma;Protagonista;Fotográfica
1719;Reserva Privada;Bodegas;General;Oscuro;rojo, violeta;Horizontal;Comedor;Industrial;Elegancia;Equilibrado;Fotográfica
1720;Bodegón de Uvas y Vino;Bodegas;General;Oscuro;violeta, rojo;Horizontal;Comedor;Clásico;Elegancia;Protagonista;Fotográfica
1721;El Arte del Vino;Bodegas;General;Cálido;rojo, violeta;Horizontal;Comedor;Clásico;Armonía;Protagonista;Fotográfica
1722;Esencia del Vino;Bodegas;General;Tierra;marrón, dorado;Horizontal;Comedor;Clásico;Elegancia;Equilibrado;Fotográfica
1723;Brindis de Bodega;Bodegas;General;Oscuro;rojo, violeta;Horizontal;Comedor;Clásico;Elegancia;Protagonista;Fotográfica
1724;Vino junto a la Barrica;Bodegas;General;Tierra;amarillo, beige;Horizontal;Comedor;Elegante;Elegancia;Protagonista;Fotográfica
1725;Maridaje de Vino;Bodegas;General;Neutro;rojo, violeta;Horizontal;Comedor;Clásico;Armonía;Protagonista;Fotográfica
1726;Tradición del Vino;Bodegas;General;Frío;violeta, rojo;Horizontal;Comedor;Nórdico;Alegría;Equilibrado;Fotográfica
1727;Bodega Panorámica;Bodegas;General;Cálido;rojo, rosa;Horizontal;Comedor;Industrial;Elegancia;Protagonista;Fotográfica
1728;Entre Barricas;Bodegas;General;Cálido;rojo, violeta;Horizontal;Comedor;Industrial;Fuerza;Protagonista;Fotográfica
1729;Noche de Cognac;Bodegas;General;Oscuro;naranja, marrón;Horizontal;Oficina;Elegante;Misterio;Protagonista;Fotográfica
1730;Águila en la Oscuridad;Animales;Aguila;Oscuro;verde, dorado;Horizontal;Hall de Entrada;Elegante;Fuerza;Protagonista;Fotográfica
1731;Flamenco junto al Mar 1;Animales;Flamenco;Vibrante;naranja, rosa;Horizontal;Living;Moderno;Libertad;Protagonista;Fotográfica
1732;Alas Tropicales;Animales;Loro;Vibrante;azul, verde;Horizontal;Living;Boho;Alegría;Protagonista;Pictórica
1733;Vuelo sobre el Bosque;Animales;Aguila;Cálido;amarillo, naranja;Horizontal;Living;Moderno;Libertad;Protagonista;Collage/Mixta
1734;El Rey del Cielo;Animales;Aguila;Cálido;naranja, dorado;Horizontal;Hall de Entrada;Moderno;Fuerza;Protagonista;Fotográfica
1735;Lechuza bajo la Luna;Animales;Lechuza;Oscuro;azul, violeta;Horizontal;Dormitorio;Moderno;Misterio;Protagonista;Collage/Mixta
1736;Vuelo sobre las Montañas;Animales;Aguila;Tierra;dorado, verde;Horizontal;Living;Nórdico;Libertad;Equilibrado;Collage/Mixta
1737;Águila en Vuelo;Animales;Aguila;Tierra;amarillo, dorado;Horizontal;Hall de Entrada;Minimalista;Fuerza;Protagonista;Fotográfica
1738;Mirada del Águila;Animales;Aguila;Oscuro;plateado, naranja;Horizontal;Hall de Entrada;Industrial;Fuerza;Protagonista;Digital/3D
1739;Vuelo Certero;Animales;Aguila;Oscuro;dorado, marrón;Horizontal;Hall de Entrada;Moderno;Libertad;Protagonista;Collage/Mixta
1740;Vuelo Soberano;Animales;Aguila;Frío;azul, plateado;Horizontal;Living;Moderno;Libertad;Protagonista;Collage/Mixta
1741;Águila Nocturna;Animales;Aguila;Frío;azul, verde;Horizontal;Hall de Entrada;Industrial;Misterio;Protagonista;Pictórica
1742;Trío de Búhos Coloridos;Animales;Lechuza;Pastel;violeta, rosa;Vertical;Infantil/Juvenil;Moderno;Alegría;Protagonista;Ilustrativa
1744;Iconos de Londres;Paisajes;Ciudades;Blanco y Negro;rojo, amarillo;Vertical;Hall de Entrada;Moderno;Energía;Protagonista;Fotográfica
1745;Tower Bridge Nocturno 1;Paisajes;Ciudades;Metálico;violeta, plateado;Horizontal;Living;Elegante;Inspiración;Protagonista;Fotográfica
1746;Londres en Acuarela;Paisajes;Ciudades;Pastel;violeta, amarillo;Horizontal;Living;Boho;Alegría;Protagonista;Ilustrativa
1743;Mujer del Paraguas Rojo;Mujer;General;Oscuro;rojo, dorado;Vertical;Pasillo;Moderno;Romanticismo;Protagonista;Fotográfica
1747;Reflejos Urbanos 2;Paisajes;Ciudades;Frío;naranja, rojo;Horizontal;Living;Clásico;Energía;Protagonista;Ilustrativa
1748;Gigantes Urbanos;Paisajes;Ciudades;Cálido;violeta, amarillo;Vertical;Pasillo;Moderno;Inspiración;Protagonista;Ilustrativa
1749;Cabina Roja de Londres;Paisajes;Ciudades;Vibrante;rojo, amarillo;Horizontal;Hall de Entrada;Moderno;Energía;Protagonista;Fotográfica
1750;Elegancia Metropolitana;Paisajes;Ciudades;Oscuro;blanco, rojo;Horizontal;Living;Industrial;Fuerza;Protagonista;Fotográfica
1751;El Arte de la Ciudad;Paisajes;Ciudades;Pastel;violeta, amarillo;Horizontal;Dormitorio;Clásico;Romanticismo;Equilibrado;Fotográfica
1752;Atardecer en Westminster;Paisajes;Ciudades;Cálido;naranja, violeta;Horizontal;Living;Clásico;Inspiración;Protagonista;Fotográfica
1753;Avenida hacia el Big Ben;Paisajes;Ciudades;Blanco y Negro;violeta, plateado;Horizontal;Oficina;Minimalista;Fuerza;Protagonista;Fotográfica
1755;Arquitectura Viva;Paisajes;Ciudades;Frío;azul, violeta;Horizontal;Living;Boho;Romanticismo;Protagonista;Ilustrativa
1756;Londres entre Trazos;Paisajes;Ciudades;Frío;rojo, violeta;Horizontal;Living;Boho;Energía;Protagonista;Ilustrativa
1757;Cabina Telefónica Roja;Paisajes;Ciudades;Metálico;rojo, violeta;Horizontal;Hall de Entrada;Moderno;Energía;Protagonista;Fotográfica
1758;Cabina entre Calles;Paisajes;Ciudades;Blanco y Negro;rojo, blanco;Horizontal;Hall de Entrada;Moderno;Energía;Protagonista;Fotográfica
1759;Metrópolis;Paisajes;Ciudades;Neutro;naranja, amarillo;Horizontal;Oficina;Moderno;Inspiración;Equilibrado;Fotográfica
1760;Paisajes Metropolitanos;Paisajes;Ciudades;Metálico;marrón, violeta;Horizontal;Living;Boho;Inspiración;Equilibrado;Ilustrativa
1761;Londres bajo el Paraguas;Paisajes;Ciudades;Oscuro;blanco, negro;Horizontal;Living;Moderno;Energía;Protagonista;Fotográfica
1762;Tower Bridge sobre el Támesis;Paisajes;Ciudades;Metálico;violeta, plateado;Horizontal;Living;Industrial;Calma;Equilibrado;Fotográfica
1764;Big Ben Estrellado;Paisajes;Ciudades;Vibrante;azul, marrón;Vertical;Pasillo;Moderno;Energía;Protagonista;Pictórica
1765;Silueta Urbana 1;Paisajes;Ciudades;Pastel;violeta, amarillo;Horizontal;Living;Moderno;Energía;Protagonista;Fotográfica
1766;Westminster al Anochecer;Paisajes;Ciudades;Pastel;violeta, naranja;Horizontal;Living;Elegante;Inspiración;Protagonista;Fotográfica
1767;Londres bajo la Lluvia;Paisajes;Ciudades;Oscuro;rojo, plateado;Vertical;Hall de Entrada;Industrial;Misterio;Protagonista;Fotográfica
1768;Cabina en Perspectiva;Paisajes;Ciudades;Frío;rojo, naranja;Horizontal;Hall de Entrada;Moderno;Energía;Protagonista;Fotográfica
1769;Londres Superpuesta;Paisajes;Ciudades;Frío;violeta, azul;Horizontal;Oficina;Industrial;Inspiración;Protagonista;Collage/Mixta
1772;Cabina frente a San Pablo;Paisajes;Ciudades;Oscuro;marrón, violeta;Horizontal;Hall de Entrada;Industrial;Misterio;Protagonista;Fotográfica
1773;Símbolos de Londres;Paisajes;Ciudades;Frío;marrón, naranja;Vertical;Oficina;Industrial;Fuerza;Protagonista;Collage/Mixta
1775;Tower Bridge Ilustrado;Paisajes;Ciudades;Frío;azul, naranja;Horizontal;Living;Nórdico;Calma;Suave;Ilustrativa
1776;Londres al Atardecer;Paisajes;Ciudades;Pastel;amarillo, dorado;Horizontal;Living;Nórdico;Alegría;Equilibrado;Ilustrativa
1777;Panorama de Londres;Paisajes;Ciudades;Pastel;amarillo, violeta;Horizontal;Living;Nórdico;Alegría;Equilibrado;Ilustrativa
1778;Ciudad de la Torre del Reloj;Paisajes;Ciudades;Metálico;violeta, plateado;Horizontal;Oficina;Moderno;Inspiración;Equilibrado;Ilustrativa
1779;Pluma en Libertad;Plumas;General;Frío;azul, amarillo;Horizontal;Dormitorio;Boho;Libertad;Equilibrado;Digital/3D
1780;Danza en Luz;Mujer;General;Cálido;amarillo, blanco;Horizontal;Dormitorio;Elegante;Inspiración;Protagonista;Pictórica
1781;Bailarina de Colores;Mujer;General;Vibrante;rosa, amarillo;Horizontal;Living;Moderno;Energía;Protagonista;Pictórica
1782;Vuelo de Bailarina;Mujer;General;Vibrante;amarillo, naranja;Horizontal;Living;Moderno;Fuerza;Protagonista;Pictórica
1783;Danza de Colores 1;Mujer;General;Vibrante;naranja, amarillo;Horizontal;Living;Moderno;Energía;Protagonista;Pictórica
1784;Bailarina Dorada;Mujer;General;Cálido;naranja, amarillo;Horizontal;Dormitorio;Clásico;Elegancia;Equilibrado;Pictórica
1785;Gracia;Mujer;General;Cálido;naranja, rojo;Horizontal;Dormitorio;Elegante;Romanticismo;Protagonista;Pictórica
1786;Luz Femenina 1;Mujer;General;Vibrante;violeta, naranja;Horizontal;Infantil/Juvenil;Moderno;Energía;Protagonista;Digital/3D
1787;Bailarina entre Trazos;Mujer;General;Pastel;violeta, plateado;Horizontal;Dormitorio;Boho;Inspiración;Protagonista;Pictórica
1788;La Fuerza de Ella 1;Mujer;General;Pastel;azul, plateado;Horizontal;Dormitorio;Boho;Libertad;Protagonista;Pictórica
1789;Salto en Gris;Mujer;General;Oscuro;plateado, gris;Horizontal;Dormitorio;Elegante;Inspiración;Protagonista;Pictórica
1790;Espiral Verde;Abstracto;General;Pastel;verde, naranja;Horizontal;Baño;Moderno;Calma;Equilibrado;Abstracta
1791;Pequeña Bailarina;Mujer;General;Pastel;rosa, naranja;Horizontal;Dormitorio;Elegante;Romanticismo;Equilibrado;Pictórica
1792;Mareas de Color;Abstracto;General;Vibrante;azul, verde;Horizontal;Living;Moderno;Energía;Protagonista;Abstracta
1793;Ondas Pastel;Abstracto;General;Pastel;verde, naranja;Horizontal;Baño;Minimalista;Calma;Suave;Abstracta
1794;Danza Violeta;Mujer;General;Pastel;violeta, amarillo;Horizontal;Dormitorio;Elegante;Romanticismo;Equilibrado;Pictórica
1795;Mujer de Rojo;Mujer;General;Vibrante;rojo, naranja;Vertical;Hall de Entrada;Moderno;Fuerza;Protagonista;Pictórica
1796;Bailarina de Espaldas;Mujer;General;Pastel;rosa, marrón;Horizontal;Dormitorio;Boho;Romanticismo;Equilibrado;Pictórica
1797;Dama de Rojo;Mujer;General;Cálido;rojo, naranja;Vertical;Hall de Entrada;Elegante;Fuerza;Protagonista;Pictórica
1798;Mujer entre Colores;Mujer;General;Vibrante;naranja, amarillo;Horizontal;Living;Moderno;Inspiración;Protagonista;Pictórica
1799;Giro de Bailarina;Mujer;General;Cálido;naranja, amarillo;Horizontal;Dormitorio;Clásico;Elegancia;Equilibrado;Pictórica
1800;Flujo Esmeralda;Abstracto;General;Frío;verde, violeta;Horizontal;Baño;Moderno;Calma;Equilibrado;Abstracta
1801;Luna sobre la Montaña;Paisajes;Luna;Cálido;naranja, violeta;Horizontal;Dormitorio;Minimalista;Calma;Suave;Fotográfica
1802;Media Luna Dorada;Paisajes;Luna;Oscuro;naranja, amarillo;Horizontal;Dormitorio;Elegante;Misterio;Protagonista;Digital/3D
1803;Luna Dorada;Paisajes;Luna;Pastel;azul, violeta;Horizontal;Infantil/Juvenil;Nórdico;Calma;Suave;Ilustrativa
1804;Luna Sonriente;Paisajes;Luna;Oscuro;plateado, azul;Horizontal;Infantil/Juvenil;Moderno;Alegría;Equilibrado;Ilustrativa
1805;Luna Serena 2;Paisajes;Luna;Pastel;amarillo, plateado;Horizontal;Infantil/Juvenil;Nórdico;Calma;Suave;Ilustrativa
1806;Contemplando la Luna;Paisajes;Luna;Oscuro;plateado, gris;Horizontal;Infantil/Juvenil;Minimalista;Inspiración;Equilibrado;Ilustrativa
1807;Esfera Lunar;Paisajes;Luna;Oscuro;gris, plateado;Horizontal;Oficina;Minimalista;Misterio;Protagonista;Abstracta
1808;Camino Lunar;Paisajes;Luna;Oscuro;gris, plateado;Horizontal;Dormitorio;Minimalista;Calma;Equilibrado;Ilustrativa
1809;Fases de la Luna;Paisajes;Luna;Oscuro;plateado, gris;Horizontal;Dormitorio;Elegante;Misterio;Protagonista;Collage/Mixta
1810;Tríptico Lunar;Paisajes;Luna;Oscuro;plateado, gris;Horizontal;Dormitorio;Clásico;Misterio;Equilibrado;Collage/Mixta
1811;Luna sobre el Agua;Paisajes;Luna;Oscuro;plateado, gris;Horizontal;Dormitorio;Nórdico;Calma;Equilibrado;Collage/Mixta
1812;Luna sobre Kuala Lumpur;Paisajes;Luna;Metálico;plateado, naranja;Horizontal;Living;Moderno;Inspiración;Protagonista;Collage/Mixta
1813;Órbitas Azules;Paisajes;Luna;Metálico;plateado, gris;Horizontal;Dormitorio;Elegante;Calma;Equilibrado;Ilustrativa
1814;Media Luna Abstracta;Paisajes;Luna;Oscuro;gris, negro;Horizontal;Dormitorio;Minimalista;Calma;Equilibrado;Abstracta
1815;Geometría Lunar 1;Paisajes;Luna;Oscuro;gris, plateado;Horizontal;Living;Moderno;Misterio;Protagonista;Abstracta
1816;Doble Luna de Acuarela;Paisajes;Luna;Frío;azul, plateado;Horizontal;Dormitorio;Nórdico;Calma;Suave;Ilustrativa
1817;Luna Geométrica Azul;Paisajes;Luna;Neutro;gris, plateado;Horizontal;Oficina;Minimalista;Calma;Suave;Abstracta
1818;Bajo la Luna;Paisajes;Luna;Oscuro;gris, plateado;Horizontal;Dormitorio;Clásico;Calma;Equilibrado;Collage/Mixta
1819;Ciclo Lunar Dorado;Paisajes;Luna;Oscuro;plateado, gris;Horizontal;Dormitorio;Clásico;Misterio;Protagonista;Collage/Mixta
1820;Media Luna de Luz;Paisajes;Luna;Metálico;naranja, amarillo;Horizontal;Dormitorio;Elegante;Calma;Equilibrado;Fotográfica
1821;Luna y Estrella de Madera;Paisajes;Luna;Metálico;dorado, marrón;Horizontal;Infantil/Juvenil;Boho;Calma;Equilibrado;Fotográfica
1822;Constelación Dorada;Paisajes;Luna;Oscuro;negro, dorado;Horizontal;Hall de Entrada;Elegante;Misterio;Protagonista;Digital/3D
1823;Luna sobre la Ciudad 1;Paisajes;Luna;Oscuro;violeta, plateado;Horizontal;Living;Moderno;Misterio;Protagonista;Collage/Mixta
1824;Media Luna Estrellada;Paisajes;Luna;Oscuro;naranja, amarillo;Horizontal;Dormitorio;Elegante;Misterio;Protagonista;Digital/3D
1825;Luna entre Nubes;Paisajes;Luna;Oscuro;gris, amarillo;Horizontal;Dormitorio;Clásico;Misterio;Protagonista;Digital/3D
1826;Creciente entre Nubes 1;Paisajes;Luna;Oscuro;amarillo, plateado;Horizontal;Dormitorio;Boho;Calma;Equilibrado;Digital/3D
1827;Ante la Luna de Fuego;Paisajes;Luna;Oscuro;naranja, amarillo;Horizontal;Dormitorio;Moderno;Inspiración;Protagonista;Digital/3D
1828;Luna entre Rosas;Paisajes;Luna;Oscuro;rosa, rojo;Horizontal;Dormitorio;Elegante;Romanticismo;Protagonista;Digital/3D
1829;Camino a la Luna Rosa;Paisajes;Luna;Oscuro;rosa, naranja;Horizontal;Hall de Entrada;Moderno;Misterio;Protagonista;Digital/3D
1830;Luna entre Nubes Rosadas;Paisajes;Luna;Oscuro;violeta, rosa;Horizontal;Dormitorio;Moderno;Romanticismo;Protagonista;Digital/3D
1831;Luna Nocturna;Paisajes;Luna;Oscuro;violeta, rosa;Horizontal;Dormitorio;Moderno;Misterio;Protagonista;Digital/3D
1832;Luna sobre Ondas Rosadas;Paisajes;Luna;Oscuro;plateado, violeta;Horizontal;Dormitorio;Boho;Misterio;Protagonista;Digital/3D
1833;Luna Llena sobre el Mar;Paisajes;Luna;Oscuro;azul, violeta;Horizontal;Dormitorio;Nórdico;Calma;Equilibrado;Pictórica
1834;Luna sobre la Metrópolis;Paisajes;Luna;Oscuro;violeta, naranja;Horizontal;Living;Moderno;Misterio;Protagonista;Collage/Mixta
1835;Luna sobre el Mar Azul;Paisajes;Luna;Frío;azul, violeta;Horizontal;Dormitorio;Nórdico;Calma;Equilibrado;Ilustrativa
1836;Luna entre Nubes de Acuarela;Paisajes;Luna;Frío;plateado, gris;Horizontal;Dormitorio;Nórdico;Calma;Suave;Ilustrativa
1837;Luna en el Valle;Paisajes;Luna;Frío;gris, plateado;Horizontal;Dormitorio;Nórdico;Misterio;Protagonista;Digital/3D
1838;Horizonte Lunar Violeta;Paisajes;Luna;Frío;violeta, dorado;Horizontal;Living;Elegante;Misterio;Protagonista;Abstracta
1839;Luna en Azul Profundo;Paisajes;Luna;Frío;azul, naranja;Horizontal;Dormitorio;Boho;Calma;Equilibrado;Abstracta
1840;Luna sobre la Llanura;Paisajes;Luna;Oscuro;gris, plateado;Horizontal;Dormitorio;Boho;Misterio;Protagonista;Collage/Mixta
1841;Luna entre Nubes Pastel;Paisajes;Luna;Pastel;violeta, azul;Horizontal;Dormitorio;Nórdico;Calma;Suave;Ilustrativa
1842;Paisaje Lunar Abstracto;Paisajes;Luna;Pastel;azul, violeta;Horizontal;Living;Boho;Inspiración;Protagonista;Pictórica
1843;Media Luna Floral;Paisajes;Luna;Pastel;plateado, rosa;Horizontal;Dormitorio;Nórdico;Romanticismo;Suave;Ilustrativa
1844;Luna y Hortensia;Paisajes;Luna;Pastel;rosa, violeta;Horizontal;Dormitorio;Elegante;Romanticismo;Equilibrado;Collage/Mixta
1845;Luna en Cielo Pastel;Paisajes;Luna;Pastel;rosa, violeta;Horizontal;Dormitorio;Nórdico;Calma;Suave;Digital/3D
1846;Círculo Botánico;Paisajes;Luna;Pastel;plateado, beige;Horizontal;Dormitorio;Moderno;Calma;Equilibrado;Ilustrativa
1847;Luna Floral Cobriza;Paisajes;Luna;Cálido;naranja, marrón;Horizontal;Dormitorio;Boho;Romanticismo;Equilibrado;Ilustrativa
1848;Luna entre Flores Rosadas;Paisajes;Luna;Pastel;rosa, violeta;Horizontal;Dormitorio;Nórdico;Romanticismo;Suave;Collage/Mixta
1849;Luna Ámbar Floral;Paisajes;Luna;Cálido;naranja, violeta;Horizontal;Living;Boho;Inspiración;Protagonista;Ilustrativa
1850;Luna Azul Floral;Paisajes;Luna;Frío;azul, violeta;Horizontal;Dormitorio;Nórdico;Calma;Suave;Ilustrativa
1851;Luna en Cielo Coral;Paisajes;Luna;Pastel;rosa, naranja;Horizontal;Dormitorio;Nórdico;Calma;Suave;Digital/3D
1852;Creciente Rosada 1;Paisajes;Luna;Pastel;rosa, violeta;Horizontal;Dormitorio;Boho;Romanticismo;Equilibrado;Ilustrativa
1853;Luna sobre el Desierto Rosa;Paisajes;Luna;Pastel;rosa, naranja;Horizontal;Dormitorio;Nórdico;Calma;Suave;Digital/3D
1854;Bajo el Manto Estrellado;Paisajes;Luna;Frío;rosa, blanco;Horizontal;Dormitorio;Minimalista;Calma;Suave;Ilustrativa
1855;Media Luna sobre el Jardín;Paisajes;Luna;Pastel;rosa, beige;Horizontal;Dormitorio;Nórdico;Calma;Suave;Ilustrativa
1856;Majestad Equina;Animales;Caballos;Blanco y Negro;blanco, plateado;Horizontal;Pasillo;Minimalista;Calma;Suave;Fotográfica
1857;Encuentro Equino;Animales;Caballos;Cálido;naranja, plateado;Horizontal;Living;Moderno;Armonía;Protagonista;Pictórica
1858;Corcel Blanco;Animales;Caballos;Metálico;plateado, blanco;Horizontal;Hall de Entrada;Elegante;Fuerza;Protagonista;Pictórica
1859;Carrera de Caballos Blancos;Animales;Caballos;Pastel;plateado, gris;Horizontal;Living;Nórdico;Libertad;Equilibrado;Pictórica
1860;Corcel entre Flores;Animales;Caballos;Cálido;naranja, marrón;Horizontal;Living;Boho;Fuerza;Protagonista;Pictórica
1861;Manada en Movimiento;Animales;Caballos;Blanco y Negro;plateado, gris;Horizontal;Living;Moderno;Energía;Protagonista;Pictórica
1862;Corcel de Luz;Animales;Caballos;Metálico;plateado, dorado;Horizontal;Hall de Entrada;Elegante;Fuerza;Protagonista;Digital/3D
1863;Caballo en el Prado;Animales;Caballos;Cálido;marrón, amarillo;Horizontal;Dormitorio;Nórdico;Calma;Equilibrado;Ilustrativa
1864;Galope Dorado;Animales;Caballos;Cálido;amarillo, naranja;Horizontal;Hall de Entrada;Industrial;Fuerza;Protagonista;Pictórica
1865;Doble Majestad;Animales;Caballos;Metálico;amarillo, dorado;Horizontal;Hall de Entrada;Elegante;Fuerza;Protagonista;Pictórica
1866;Corcel Negro y Dorado;Animales;Caballos;Metálico;amarillo, plateado;Horizontal;Hall de Entrada;Elegante;Fuerza;Protagonista;Pictórica
1867;Elegancia Salvaje 1;Animales;Caballos;Frío;amarillo, azul;Horizontal;Living;Moderno;Libertad;Protagonista;Pictórica
1868;Caballo entre Rosas;Animales;Caballos;Pastel;rosa, marrón;Horizontal;Dormitorio;Boho;Armonía;Equilibrado;Ilustrativa
1869;Caballos en Carrera;Animales;Caballos;Neutro;naranja, marrón;Horizontal;Living;Minimalista;Libertad;Equilibrado;Fotográfica
1870;Presencia Majestuosa;Animales;Caballos;Frío;plateado, blanco;Horizontal;Living;Nórdico;Libertad;Protagonista;Digital/3D
1871;Camino de Libertad;Animales;Caballos;Oscuro;blanco, violeta;Horizontal;Dormitorio;Nórdico;Calma;Suave;Fotográfica
1872;Retrato Equino;Animales;Caballos;Blanco y Negro;gris, plateado;Vertical;Pasillo;Minimalista;Calma;Equilibrado;Fotográfica
1873;Perfil Equino;Animales;Caballos;Blanco y Negro;plateado, dorado;Vertical;Pasillo;Minimalista;Armonía;Equilibrado;Fotográfica
1874;Mirada de Caballo;Animales;Caballos;Cálido;marrón, amarillo;Horizontal;Dormitorio;Nórdico;Calma;Suave;Fotográfica
1875;Manada en el Campo;Animales;Caballos;Pastel;plateado, blanco;Horizontal;Living;Boho;Libertad;Equilibrado;Pictórica
1876;Caballo de Acuarela;Animales;Caballos;Vibrante;violeta, rosa;Horizontal;Infantil/Juvenil;Nórdico;Calma;Suave;Ilustrativa
1877;Caballos de Fiesta Floral;Animales;Caballos;Pastel;rosa, marrón;Horizontal;Infantil/Juvenil;Boho;Alegría;Protagonista;Ilustrativa
1878;Retrato Pastel de Caballo;Animales;Caballos;Pastel;rosa, plateado;Horizontal;Infantil/Juvenil;Moderno;Calma;Equilibrado;Ilustrativa
1879;La Fuerza del Viento;Animales;Caballos;Metálico;dorado, naranja;Horizontal;Hall de Entrada;Elegante;Fuerza;Protagonista;Pictórica
1880;Belleza Indómita;Animales;Caballos;Metálico;amarillo, negro;Horizontal;Living;Industrial;Fuerza;Protagonista;Pictórica
1881;Brisa del Prado;Animales;Caballos;Cálido;marrón, amarillo;Horizontal;Living;Nórdico;Armonía;Equilibrado;Fotográfica
1882;Caballo entre Lavandas;Animales;Caballos;Pastel;violeta, azul;Horizontal;Dormitorio;Boho;Calma;Suave;Ilustrativa
1883;Compañeros del Campo;Animales;Caballos;Cálido;marrón, naranja;Horizontal;Living;Clásico;Armonía;Equilibrado;Fotográfica
1884;Pastoreo al Atardecer;Animales;Caballos;Pastel;amarillo, plateado;Horizontal;Living;Nórdico;Calma;Equilibrado;Fotográfica
1885;Galope de Libertad;Animales;Caballos;Pastel;marrón, rosa;Horizontal;Living;Nórdico;Libertad;Equilibrado;Pictórica
1886;Caballo entre Flores;Animales;Caballos;Pastel;plateado, violeta;Horizontal;Living;Nórdico;Calma;Equilibrado;Fotográfica
1887;Encuentro de Caballos;Animales;Caballos;Cálido;naranja, marrón;Horizontal;Living;Nórdico;Armonía;Equilibrado;Fotográfica
1888;Caballo frente al Mar;Animales;Caballos;Pastel;rosa, plateado;Horizontal;Dormitorio;Nórdico;Calma;Suave;Ilustrativa
1889;Doble Retrato Equino;Animales;Caballos;Blanco y Negro;plateado, azul;Horizontal;Living;Moderno;Armonía;Equilibrado;Ilustrativa
1890;Corcel en la Oscuridad;Animales;Caballos;Oscuro;marrón, negro;Horizontal;Hall de Entrada;Industrial;Fuerza;Protagonista;Pictórica
1891;Caballos Blancos en Carrera;Animales;Caballos;Metálico;amarillo, plateado;Horizontal;Living;Elegante;Libertad;Protagonista;Pictórica
1892;Yegua y Potrillo 1;Animales;Caballos;Pastel;beige, amarillo;Horizontal;Infantil/Juvenil;Nórdico;Alegría;Suave;Ilustrativa
1893;Caballo Botánico;Animales;Caballos;Metálico;plateado, beige;Horizontal;Infantil/Juvenil;Boho;Alegría;Equilibrado;Ilustrativa
1894;Retratos Equinos Florales;Animales;Caballos;Pastel;plateado, blanco;Horizontal;Dormitorio;Boho;Armonía;Equilibrado;Ilustrativa
1895;Caballo entre Margaritas;Animales;Caballos;Cálido;amarillo, marrón;Horizontal;Living;Clásico;Calma;Equilibrado;Fotográfica
1896;Estampa de Poder;Animales;Caballos;Metálico;dorado, amarillo;Horizontal;Hall de Entrada;Industrial;Fuerza;Protagonista;Pictórica
1897;Caballos entre Salpicaduras;Animales;Caballos;Metálico;amarillo, verde;Horizontal;Living;Moderno;Libertad;Protagonista;Pictórica
1899;Corcel de Fuego;Animales;Caballos;Cálido;naranja, dorado;Horizontal;Hall de Entrada;Moderno;Fuerza;Protagonista;Pictórica
1900;Nobleza Equina;Animales;Caballos;Blanco y Negro;plateado, gris;Vertical;Pasillo;Minimalista;Fuerza;Equilibrado;Fotográfica
1901;Caballo Floral;Animales;Caballos;Frío;plateado, rojo;Vertical;Dormitorio;Boho;Romanticismo;Equilibrado;Collage/Mixta
1902;Mirada en la Oscuridad;Animales;Caballos;Oscuro;gris, plateado;Vertical;Hall de Entrada;Industrial;Misterio;Protagonista;Fotográfica
1903;Hojas de Otoño 1;Botanica;Hojas;Cálido;naranja, marrón;Horizontal;Living;Elegante;Elegancia;Equilibrado;Fotográfica
1904;Hojas Cobrizas;Botanica;Hojas;Frío;naranja, marrón;Horizontal;Living;Boho;Calma;Equilibrado;Ilustrativa
1907;Hojas Tropicales;Botanica;Hojas;Metálico;plateado, gris;Vertical;Living;Industrial;Misterio;Protagonista;Fotográfica
1908;Monstera Negra y Dorada;Botanica;Hojas;Neutro;gris, plateado;Vertical;Pasillo;Elegante;Elegancia;Equilibrado;Ilustrativa
1911;Naturaleza Viva;Botanica;Hojas;Cálido;naranja, amarillo;Horizontal;Living;Nórdico;Calma;Suave;Ilustrativa
1912;Hojas de Otoño 2;Botanica;Hojas;Cálido;naranja, amarillo;Horizontal;Living;Boho;Calma;Equilibrado;Pictórica
1916;Naturaleza Dorada;Botanica;Hojas;Metálico;plateado, marrón;Vertical;Hall de Entrada;Elegante;Elegancia;Protagonista;Digital/3D
1918;Textura Natural;Botanica;Hojas;Metálico;dorado, plateado;Vertical;Hall de Entrada;Elegante;Elegancia;Protagonista;Digital/3D
1919;Otoño Dorado al Viento;Botanica;Hojas;Metálico;dorado, amarillo;Vertical;Hall de Entrada;Elegante;Misterio;Protagonista;Ilustrativa
1920;Hojas tropicales sobre rosa;Botanica;Hojas;Pastel;violeta, rosa;Horizontal;Living;Moderno;Alegría;Equilibrado;Fotográfica
1921;Hojas Suaves;Botanica;Hojas;Metálico;marrón, plateado;Horizontal;Living;Moderno;Elegancia;Protagonista;Fotográfica
1922;Hojas Bronce y Oro;Botanica;Hojas;Metálico;dorado, amarillo;Horizontal;Hall de Entrada;Elegante;Elegancia;Protagonista;Digital/3D
1924;Naturaleza en Calma;Botanica;Hojas;Metálico;dorado, verde;Horizontal;Hall de Entrada;Elegante;Misterio;Protagonista;Collage/Mixta
1925;Hojas tropicales doradas;Botanica;Hojas;Tierra;verde, marrón;Horizontal;Living;Elegante;Elegancia;Protagonista;Fotográfica
1926;Monstera dorada;Botanica;Hojas;Metálico;dorado, plateado;Horizontal;Hall de Entrada;Elegante;Elegancia;Protagonista;Fotográfica
1927;El Susurro de las Hojas;Botanica;Hojas;Metálico;dorado, plateado;Horizontal;Hall de Entrada;Elegante;Elegancia;Protagonista;Fotográfica
1928;Hojas Ocres;Botanica;Hojas;Metálico;negro, marrón;Horizontal;Hall de Entrada;Elegante;Misterio;Protagonista;Ilustrativa
1929;Hoja sobre fondo pastel;Botanica;Hojas;Pastel;verde, amarillo;Horizontal;Living;Moderno;Alegría;Protagonista;Fotográfica
1930;Otoño Vivo;Botanica;Hojas;Metálico;dorado, amarillo;Horizontal;Living;Elegante;Elegancia;Equilibrado;Fotográfica
1931;Flor de Primavera Serena;Botanica;Flores;Pastel;rosa, naranja;Horizontal;Dormitorio;Clásico;Romanticismo;Equilibrado;Fotográfica
1932;Retrato entre humo;Musical;Rock Nacional;Blanco y Negro;violeta, verde;Vertical;Hall de Entrada;Moderno;Misterio;Protagonista;Fotográfica
1938;Delicadeza Natural;Botanica;Flores;Metálico;plateado, gris;Horizontal;Living;Elegante;Elegancia;Equilibrado;Pictórica
1939;Flores blancas sobre azul;Botanica;Flores;Frío;azul, blanco;Horizontal;Living;Elegante;Elegancia;Protagonista;Pictórica
1940;Pétalos en Calma;Botanica;Flores;Pastel;blanco, rosa;Horizontal;Dormitorio;Nórdico;Calma;Equilibrado;Pictórica
1941;La Elegancia del Pétalo;Botanica;Flores;Metálico;beige, blanco;Horizontal;Living;Elegante;Elegancia;Equilibrado;Pictórica
1942;Pétalos de Ensueño;Botanica;Flores;Pastel;rosa, blanco;Horizontal;Dormitorio;Nórdico;Calma;Suave;Pictórica
1949;Pétalos al Amanecer;Botanica;Flores;Pastel;rosa, naranja;Horizontal;Dormitorio;Nórdico;Romanticismo;Equilibrado;Pictórica
1950;El Susurro Floral;Botanica;Flores;Pastel;rosa, beige;Horizontal;Dormitorio;Clásico;Romanticismo;Protagonista;Pictórica
1951;Marea Serena;Paisajes;Playa;Pastel;violeta, plateado;Horizontal;Living;Boho;Inspiración;Protagonista;Ilustrativa
1954;Elefante dorado;Animales;Elefantes;Metálico;naranja, dorado;Horizontal;Hall de Entrada;Industrial;Fuerza;Protagonista;Digital/3D
1957;Memoria de la Sabana;Animales;Elefantes;Tierra;amarillo, verde;Horizontal;Living;Nórdico;Calma;Equilibrado;Fotográfica
1958;Elefante joven al atardecer;Animales;Elefantes;Cálido;naranja, dorado;Horizontal;Infantil/Juvenil;Moderno;Alegría;Protagonista;Fotográfica
1959;Gigante Gentil;Animales;Elefantes;Tierra;verde, marrón;Horizontal;Living;Nórdico;Libertad;Equilibrado;Fotográfica
1960;Caminante Sabio;Animales;Elefantes;Pastel;naranja, azul;Horizontal;Dormitorio;Moderno;Calma;Equilibrado;Collage/Mixta
1961;Elefante en blanco y negro;Animales;Elefantes;Blanco y Negro;plateado, gris;Horizontal;Hall de Entrada;Industrial;Fuerza;Protagonista;Fotográfica
1962;Elefante entre mármoles;Animales;Elefantes;Metálico;plateado, gris;Horizontal;Infantil/Juvenil;Boho;Alegría;Equilibrado;Collage/Mixta
1965;Familia de elefantes al atardecer;Animales;Elefantes;Cálido;naranja, amarillo;Horizontal;Living;Boho;Armonía;Protagonista;Ilustrativa
1966;El Peso de la Sabana;Animales;Elefantes;Cálido;rojo, naranja;Horizontal;Living;Moderno;Armonía;Protagonista;Fotográfica
1967;Elefante con anteojos;Animales;Elefantes;Vibrante;naranja, amarillo;Horizontal;Infantil/Juvenil;Moderno;Alegría;Protagonista;Collage/Mixta
1968;Retrato de elefante;Animales;Elefantes;Blanco y Negro;gris, plateado;Horizontal;Hall de Entrada;Minimalista;Fuerza;Protagonista;Fotográfica
1969;Corazón de la Sabana;Animales;Elefantes;Vibrante;rojo, rosa;Horizontal;Living;Moderno;Energía;Protagonista;Fotográfica
1970;Paso Firme;Animales;Elefantes;Cálido;naranja, amarillo;Horizontal;Living;Nórdico;Calma;Protagonista;Fotográfica
1971;Coloso Sereno;Animales;Elefantes;Tierra;verde, amarillo;Horizontal;Hall de Entrada;Moderno;Fuerza;Protagonista;Fotográfica
1973;Pradera en flor;Botanica;Flores;Pastel;amarillo, verde;Horizontal;Dormitorio;Nórdico;Calma;Suave;Pictórica
1975;Pétalos Serenos;Botanica;Flores;Pastel;rosa, violeta;Horizontal;Dormitorio;Nórdico;Romanticismo;Suave;Fotográfica
1977;Pétalos de Miel;Botanica;Flores;Pastel;amarillo, blanco;Horizontal;Dormitorio;Nórdico;Calma;Suave;Pictórica
1979;Pradera de ensueño;Botanica;Flores;Pastel;beige, rosa;Horizontal;Dormitorio;Nórdico;Calma;Suave;Pictórica
1981;Campo dorado;Botanica;Flores;Cálido;amarillo, dorado;Horizontal;Dormitorio;Clásico;Calma;Equilibrado;Pictórica
1983;Pétalos de Aurora;Botanica;Flores;Pastel;amarillo, rosa;Horizontal;Dormitorio;Nórdico;Calma;Suave;Digital/3D
1985;Campo pastel;Botanica;Flores;Pastel;rosa, naranja;Horizontal;Dormitorio;Nórdico;Calma;Suave;Pictórica
1987;Pétalos de Luz;Botanica;Flores;Oscuro;gris, blanco;Horizontal;Dormitorio;Minimalista;Calma;Suave;Fotográfica
1989;Pradera monocroma;Botanica;Flores;Oscuro;gris, blanco;Horizontal;Dormitorio;Minimalista;Calma;Suave;Ilustrativa
1990;Atardecer junto al cercado;Paisajes;Campo;Cálido;naranja, amarillo;Horizontal;Living;Clásico;Calma;Protagonista;Pictórica
1992;Lectura junto a la ventana;Paisajes;Bosque;Cálido;naranja, amarillo;Horizontal;Dormitorio;Nórdico;Calma;Equilibrado;Fotográfica
1994;Descenso en la nieve;Hombre;General;Blanco y Negro;gris, plateado;Horizontal;Infantil/Juvenil;Moderno;Energía;Protagonista;Fotográfica
1995;Patinaje en la ciudad;Animales;Ciervo;Blanco y Negro;blanco, negro;Horizontal;Living;Clásico;Alegría;Equilibrado;Fotográfica
1997;Ramas de invierno;Paisajes;Ciudades;Frío;verde, plateado;Horizontal;Dormitorio;Nórdico;Calma;Suave;Fotográfica
2000;Bosque de abedules;Paisajes;Ciudades;Frío;plateado, azul;Horizontal;Dormitorio;Nórdico;Calma;Suave;Fotográfica
2003;Vastedad Serena;Paisajes;General;Frío;violeta, naranja;Horizontal;Living;Moderno;Misterio;Protagonista;Fotográfica
2006;Serenidad Natural;Paisajes;General;Frío;plateado, violeta;Horizontal;Living;Moderno;Misterio;Protagonista;Collage/Mixta
2008;Río helado desde el aire;Paisajes;General;Frío;naranja, violeta;Horizontal;Living;Minimalista;Calma;Equilibrado;Fotográfica
2009;El Camino Infinito;Paisajes;General;Frío;violeta, naranja;Horizontal;Dormitorio;Nórdico;Calma;Equilibrado;Fotográfica
2010;Paisaje del Alma;Paisajes;General;Frío;violeta, naranja;Horizontal;Living;Moderno;Inspiración;Protagonista;Fotográfica
2011;Un Mundo por Descubrir;Paisajes;General;Frío;blanco, naranja;Horizontal;Dormitorio;Nórdico;Romanticismo;Equilibrado;Fotográfica
2012;Paseo entre girasoles;Mujer;General;Cálido;amarillo, marrón;Horizontal;Living;Boho;Libertad;Protagonista;Pictórica
2013;La Belleza del Silencio 2;Mujer;General;Pastel;rojo, naranja;Vertical;Dormitorio;Boho;Romanticismo;Protagonista;Pictórica
2014;Esencia Dorada 1;Mujer;General;Cálido;amarillo, marrón;Horizontal;Living;Boho;Inspiración;Protagonista;Pictórica
2015;Carrera entre girasoles;Mujer;General;Cálido;amarillo, naranja;Horizontal;Infantil/Juvenil;Boho;Alegría;Protagonista;Pictórica
2016;Mujer Eterna 2;Mujer;General;Cálido;amarillo, naranja;Horizontal;Living;Boho;Libertad;Protagonista;Pictórica
2017;Mujer de rojo entre girasoles;Mujer;General;Cálido;amarillo, naranja;Horizontal;Living;Boho;Alegría;Protagonista;Pictórica
2018;Entre Luz y Flores;Mujer;General;Cálido;amarillo, naranja;Horizontal;Living;Boho;Libertad;Protagonista;Pictórica
2019;Niños entre girasoles;Mujer;General;Cálido;amarillo, naranja;Horizontal;Infantil/Juvenil;Boho;Alegría;Protagonista;Pictórica
2020;Mujer de rojo en el campo;Mujer;General;Cálido;amarillo, naranja;Horizontal;Living;Boho;Alegría;Protagonista;Pictórica
2021;Mujer de naranja entre girasoles;Mujer;General;Cálido;amarillo, naranja;Horizontal;Living;Boho;Libertad;Protagonista;Pictórica
2022;Elegancia Atemporal 2;Mujer;General;Cálido;amarillo, naranja;Horizontal;Living;Boho;Libertad;Protagonista;Pictórica
2023;Camino entre girasoles;Mujer;General;Cálido;amarillo, marrón;Horizontal;Living;Boho;Libertad;Protagonista;Pictórica
2024;Mujer entre girasoles;Mujer;General;Cálido;amarillo, marrón;Horizontal;Living;Boho;Inspiración;Protagonista;Pictórica
2025;Esencia Dorada 2;Mujer;General;Vibrante;violeta, azul;Horizontal;Hall de Entrada;Moderno;Energía;Protagonista;Pictórica
2026;Mujer Eterna 3;Mujer;General;Frío;azul, violeta;Horizontal;Hall de Entrada;Moderno;Inspiración;Protagonista;Pictórica
2027;Mirada Profunda;Mujer;General;Frío;violeta, azul;Horizontal;Hall de Entrada;Moderno;Misterio;Protagonista;Pictórica
2028;Poesía en la Mirada;Mujer;General;Frío;azul, marrón;Horizontal;Hall de Entrada;Moderno;Armonía;Protagonista;Pictórica
2029;Rostro de Ensueño;Mujer;General;Frío;dorado, marrón;Horizontal;Hall de Entrada;Moderno;Misterio;Protagonista;Pictórica
2030;Promesa de Libertad;Tematico;Estatua de la Libertad;Blanco y Negro;plateado, naranja;Vertical;Oficina;Clásico;Inspiración;Equilibrado;Ilustrativa
2033;Ciudad bajo la luna;Paisajes;General;Pastel;violeta, plateado;Horizontal;Living;Moderno;Misterio;Protagonista;Collage/Mixta
2035;Hojas en armonía;Botanica;Hojas;Metálico;verde, plateado;Vertical;Living;Nórdico;Calma;Equilibrado;Ilustrativa
2045;Elefante geométrico;Botanica;Hojas;Vibrante;dorado, marrón;Vertical;Living;Boho;Fuerza;Protagonista;Ilustrativa
2046;Andar Ancestral;Animales;Elefantes;Metálico;plateado, beige;Vertical;Dormitorio;Boho;Armonía;Equilibrado;Ilustrativa
2047;Voz de la Sabana;Animales;Elefantes;Metálico;dorado, plateado;Horizontal;Infantil/Juvenil;Boho;Armonía;Protagonista;Pictórica
2048;Memoria Ancestral;Animales;Elefantes;Pastel;gris, plateado;Horizontal;Infantil/Juvenil;Nórdico;Alegría;Equilibrado;Ilustrativa
2049;Sabiduría de la Sabana;Animales;Elefantes;Vibrante;verde, naranja;Horizontal;Living;Moderno;Energía;Protagonista;Digital/3D
2050;Marcha Ancestral;Animales;Elefantes;Tierra;amarillo, naranja;Horizontal;Hall de Entrada;Industrial;Fuerza;Protagonista;Fotográfica
2051;Mujer y elefante;Animales;Elefantes;Oscuro;plateado, verde;Horizontal;Living;Nórdico;Armonía;Equilibrado;Fotográfica
2052;Matriarca Eterna;Animales;Elefantes;Blanco y Negro;gris, plateado;Vertical;Hall de Entrada;Minimalista;Fuerza;Protagonista;Fotográfica
2053;Gigante de la Sabana;Animales;Elefantes;Frío;azul, plateado;Horizontal;Infantil/Juvenil;Moderno;Inspiración;Protagonista;Pictórica
2054;Majestad Silenciosa;Animales;Elefantes;Metálico;violeta, plateado;Horizontal;Living;Boho;Inspiración;Protagonista;Ilustrativa
2055;Fuerza Serena;Animales;Elefantes;Vibrante;azul, amarillo;Vertical;Infantil/Juvenil;Boho;Alegría;Protagonista;Ilustrativa
2056;Alma de la Manada;Animales;Elefantes;Pastel;rosa, verde;Vertical;Infantil/Juvenil;Boho;Armonía;Protagonista;Ilustrativa
2057;Rosa acuarelada;Botanica;Flores;Pastel;rosa, rojo;Horizontal;Dormitorio;Nórdico;Romanticismo;Equilibrado;Ilustrativa
2058;Ramillete de rosas dibujado;Botanica;Flores;Neutro;rosa, beige;Horizontal;Dormitorio;Clásico;Romanticismo;Equilibrado;Ilustrativa
2059;La Elegancia Floral;Botanica;Flores;Neutro;beige, dorado;Horizontal;Dormitorio;Clásico;Romanticismo;Protagonista;Ilustrativa
2060;El Alma de la Flor;Botanica;Flores;Frío;rosa, azul;Vertical;Dormitorio;Boho;Romanticismo;Protagonista;Ilustrativa
2061;Flor de Seda;Botanica;Flores;Pastel;beige, amarillo;Vertical;Dormitorio;Minimalista;Romanticismo;Suave;Ilustrativa
2062;Rosa roja sobre plata;Botanica;Flores;Neutro;rojo, plateado;Vertical;Dormitorio;Moderno;Romanticismo;Equilibrado;Ilustrativa
2063;Rosa al amanecer;Botanica;Flores;Neutro;dorado, azul;Vertical;Dormitorio;Boho;Romanticismo;Equilibrado;Ilustrativa
2064;El Jardín Delicado;Botanica;Flores;Cálido;beige, dorado;Vertical;Dormitorio;Boho;Romanticismo;Protagonista;Ilustrativa
2065;Rosa fucsia;Botanica;Flores;Vibrante;rosa, rojo;Vertical;Oficina;Moderno;Inspiración;Protagonista;Ilustrativa
2066;Rosa gráfica magenta;Botanica;Flores;Frío;rosa, violeta;Vertical;Dormitorio;Moderno;Romanticismo;Protagonista;Ilustrativa
2067;Encanto Silvestre;Botanica;Flores;Metálico;beige, rosa;Vertical;Dormitorio;Minimalista;Romanticismo;Suave;Ilustrativa
2068;Encanto de Pétalos;Botanica;Flores;Neutro;rosa, plateado;Vertical;Dormitorio;Moderno;Romanticismo;Equilibrado;Ilustrativa
2069;Flor de un Día;Botanica;Flores;Neutro;beige, rosa;Vertical;Dormitorio;Minimalista;Romanticismo;Suave;Ilustrativa
2070;Gracia Floral;Botanica;Flores;Cálido;rosa, rojo;Vertical;Dormitorio;Clásico;Romanticismo;Protagonista;Pictórica
2071;Caricia Floral;Botanica;Flores;Frío;violeta, rosa;Horizontal;Dormitorio;Clásico;Romanticismo;Protagonista;Pictórica
2072;Tesoro Silvestre;Botanica;Flores;Vibrante;rosa, violeta;Vertical;Infantil/Juvenil;Moderno;Alegría;Protagonista;Ilustrativa
2073;Jardín Eterno;Botanica;Flores;Cálido;rosa, rojo;Vertical;Dormitorio;Moderno;Romanticismo;Protagonista;Ilustrativa
2074;Estación Florida;Botanica;Flores;Cálido;rojo, rosa;Horizontal;Dormitorio;Clásico;Romanticismo;Equilibrado;Fotográfica
2075;Flor Silvestre;Botanica;Flores;Pastel;rosa, beige;Horizontal;Dormitorio;Nórdico;Romanticismo;Equilibrado;Fotográfica
2076;Cosecha Floral;Botanica;Flores;Pastel;rosa, violeta;Vertical;Dormitorio;Nórdico;Romanticismo;Suave;Collage/Mixta
2077;Instante Floreado;Botanica;Flores;Cálido;rojo, rosa;Horizontal;Dormitorio;Elegante;Romanticismo;Protagonista;Fotográfica
2078;Luz entre Pétalos;Botanica;Flores;Pastel;rosa, violeta;Vertical;Dormitorio;Moderno;Romanticismo;Protagonista;Collage/Mixta
2079;Ramillete Silvestre;Botanica;Flores;Neutro;rosa, beige;Horizontal;Dormitorio;Moderno;Romanticismo;Equilibrado;Ilustrativa
2080;Poesía Floral;Botanica;Flores;Vibrante;violeta, rosa;Vertical;Infantil/Juvenil;Moderno;Alegría;Protagonista;Collage/Mixta
2081;Escalera entre rosas;Botanica;Flores;Pastel;rosa, violeta;Vertical;Infantil/Juvenil;Moderno;Inspiración;Protagonista;Digital/3D
2082;Belleza Silvestre;Botanica;Flores;Neutro;rosa, blanco;Vertical;Dormitorio;Boho;Romanticismo;Equilibrado;Collage/Mixta
2083;Aroma de Primavera;Botanica;Flores;Vibrante;amarillo, naranja;Vertical;Dormitorio;Boho;Romanticismo;Protagonista;Ilustrativa
2084;Esencia de Pétalos;Botanica;Flores;Cálido;rojo, naranja;Horizontal;Dormitorio;Moderno;Romanticismo;Protagonista;Fotográfica
2085;Vida en Flor;Botanica;Flores;Pastel;rosa, blanco;Vertical;Dormitorio;Nórdico;Romanticismo;Suave;Collage/Mixta
2086;Eterno Florecer;Botanica;Flores;Cálido;rojo, rosa;Horizontal;Dormitorio;Elegante;Romanticismo;Protagonista;Pictórica
2087;Encanto Floral;Botanica;Flores;Oscuro;rojo, rosa;Horizontal;Dormitorio;Elegante;Romanticismo;Protagonista;Fotográfica
2088;Primavera Silvestre;Botanica;Flores;Vibrante;rojo, rosa;Horizontal;Dormitorio;Moderno;Misterio;Protagonista;Fotográfica
2089;Despertar Floral;Botanica;Flores;Cálido;naranja, rojo;Vertical;Infantil/Juvenil;Moderno;Romanticismo;Protagonista;Ilustrativa
2090;Fragancia Silvestre;Botanica;Flores;Cálido;beige, rojo;Horizontal;Dormitorio;Boho;Romanticismo;Protagonista;Ilustrativa
2091;Ramillete de Ensueño;Botanica;Flores;Cálido;rosa, rojo;Vertical;Dormitorio;Moderno;Romanticismo;Protagonista;Ilustrativa
2092;Rosa gráfica;Botanica;Flores;Cálido;rojo, rosa;Vertical;Dormitorio;Moderno;Romanticismo;Protagonista;Ilustrativa
2094;Belleza Efímera;Botanica;Flores;Pastel;rosa, beige;Horizontal;Dormitorio;Elegante;Romanticismo;Equilibrado;Digital/3D
2095;Esencia Silvestre;Botanica;Flores;Cálido;rosa, rojo;Vertical;Dormitorio;Minimalista;Romanticismo;Equilibrado;Digital/3D
2096;Melodía de Pétalos;Botanica;Flores;Neutro;rojo, naranja;Vertical;Hall de Entrada;Moderno;Energía;Protagonista;Ilustrativa
2097;Fragancia Eterna;Botanica;Flores;Vibrante;rosa, rojo;Vertical;Dormitorio;Boho;Romanticismo;Equilibrado;Ilustrativa
2098;Danza de Pétalos;Botanica;Flores;Pastel;rosa, violeta;Horizontal;Dormitorio;Clásico;Romanticismo;Equilibrado;Collage/Mixta
2099;Delicadeza en Flor;Botanica;Flores;Pastel;rosa, azul;Horizontal;Dormitorio;Elegante;Romanticismo;Protagonista;Pictórica
2100;Jardín en Flor;Botanica;Flores;Pastel;rosa, beige;Horizontal;Dormitorio;Clásico;Romanticismo;Suave;Collage/Mixta
2101;Corazón Floral;Botanica;Flores;Blanco y Negro;rojo, blanco;Horizontal;Dormitorio;Moderno;Romanticismo;Protagonista;Fotográfica
2102;Flores del Alma;Botanica;Flores;Vibrante;rosa, rojo;Horizontal;Dormitorio;Moderno;Romanticismo;Protagonista;Fotográfica
2103;Ternura Floral;Botanica;Flores;Cálido;rojo, rosa;Horizontal;Dormitorio;Clásico;Romanticismo;Protagonista;Fotográfica
2104;Fragancia de Primavera;Botanica;Flores;Cálido;rosa, rojo;Horizontal;Dormitorio;Elegante;Romanticismo;Protagonista;Fotográfica
2105;Rincón Florido;Botanica;Flores;Cálido;rojo, rosa;Horizontal;Dormitorio;Moderno;Romanticismo;Protagonista;Fotográfica
2106;Jardín Efímero;Botanica;Flores;Cálido;rojo, naranja;Horizontal;Dormitorio;Elegante;Romanticismo;Protagonista;Collage/Mixta
2107;Rosa entre nubes;Botanica;Flores;Pastel;rosa, rojo;Vertical;Dormitorio;Boho;Romanticismo;Equilibrado;Ilustrativa
2108;Reflejo Floral;Botanica;Flores;Pastel;amarillo, violeta;Horizontal;Infantil/Juvenil;Moderno;Alegría;Protagonista;Fotográfica
2109;Rosas coral y oro;Botanica;Flores;Cálido;rosa, beige;Horizontal;Dormitorio;Elegante;Romanticismo;Protagonista;Digital/3D
2110;Rincón en Flor;Botanica;Flores;Pastel;rosa, blanco;Horizontal;Dormitorio;Nórdico;Romanticismo;Equilibrado;Collage/Mixta
2111;Rosa delicada;Botanica;Flores;Pastel;rosa, blanco;Horizontal;Dormitorio;Minimalista;Romanticismo;Suave;Ilustrativa
2112;Rosa carmesí;Botanica;Flores;Neutro;rojo, rosa;Vertical;Dormitorio;Boho;Romanticismo;Protagonista;Ilustrativa
2113;Susurro de Pétalos;Botanica;Flores;Pastel;rosa, rojo;Horizontal;Dormitorio;Moderno;Romanticismo;Equilibrado;Collage/Mixta
2114;El Jardín Secreto;Botanica;Flores;Pastel;rosa, blanco;Horizontal;Dormitorio;Clásico;Romanticismo;Equilibrado;Fotográfica
2115;Rosa roja en contraste;Botanica;Flores;Oscuro;rojo, rosa;Horizontal;Dormitorio;Moderno;Romanticismo;Protagonista;Fotográfica
2116;Color y Vida;Botanica;Flores;Pastel;rosa, blanco;Horizontal;Dormitorio;Elegante;Romanticismo;Protagonista;Digital/3D
2117;Florecer Silvestre;Botanica;Flores;Pastel;rosa, blanco;Horizontal;Dormitorio;Clásico;Romanticismo;Protagonista;Pictórica
2118;Jardín Interior 1;Botanica;Flores;Frío;rosa, rojo;Horizontal;Dormitorio;Moderno;Misterio;Equilibrado;Fotográfica
2119;Jardín Vivo;Botanica;Flores;Frío;rosa, violeta;Vertical;Dormitorio;Moderno;Romanticismo;Protagonista;Ilustrativa
2120;La distancia significa tan poco;Botanica;Flores;Pastel;rosa, marrón;Vertical;Dormitorio;Minimalista;Romanticismo;Suave;Ilustrativa
2121;Legado de mi Sangre;Mujer;Rostros étnicos;Vibrante;dorado, amarillo;Vertical;Hall de Entrada;Moderno;Fuerza;Protagonista;Pictórica
2122;Jinete entre girasoles;Mujer;General;Cálido;amarillo, marrón;Horizontal;Living;Boho;Libertad;Protagonista;Pictórica
2123;Dimensión Creativa;Abstracto;General;Metálico;plateado, gris;Horizontal;Living;Industrial;Elegancia;Protagonista;Abstracta
2124;Paso Firme y Libre;Animales;Caballos;Vibrante;naranja, marrón;Horizontal;Living;Moderno;Libertad;Protagonista;Pictórica
2125;Dualidad en blanco y negro;Mujer;Rostros étnicos;Metálico;plateado, gris;Horizontal;Hall de Entrada;Moderno;Misterio;Protagonista;Digital/3D
2127;Instinto Supremo;Animales;Felinos;Vibrante;naranja, amarillo;Vertical;Hall de Entrada;Industrial;Fuerza;Protagonista;Pictórica
2128;Reflejos de la Tierra;Paisajes;General;Cálido;naranja, amarillo;Horizontal;Living;Clásico;Calma;Protagonista;Fotográfica
2160;El Espíritu Libre;Animales;Caballos;Frío;plateado, marrón;Horizontal;Living;Moderno;Fuerza;Protagonista;Fotográfica
2161;Cabalgata Eterna;Animales;Caballos;Frío;plateado, blanco;Horizontal;Living;Nórdico;Libertad;Protagonista;Fotográfica
2162;Libertad Galopante;Animales;Caballos;Oscuro;plateado, marrón;Horizontal;Hall de Entrada;Industrial;Fuerza;Protagonista;Fotográfica
2163;Corazón Libre;Animales;Caballos;Cálido;marrón, naranja;Horizontal;Living;Industrial;Fuerza;Protagonista;Fotográfica
2164;Caballo junto al cercado;Animales;Caballos;Cálido;marrón, naranja;Horizontal;Living;Clásico;Calma;Equilibrado;Fotográfica
2165;Espíritu Indómito;Animales;Caballos;Pastel;plateado, gris;Horizontal;Living;Elegante;Libertad;Protagonista;Fotográfica
2166;Retrato ecuestre;Animales;Caballos;Oscuro;naranja, marrón;Horizontal;Hall de Entrada;Industrial;Fuerza;Protagonista;Fotográfica
2167;Galope al atardecer;Animales;Caballos;Metálico;plateado, amarillo;Horizontal;Living;Elegante;Libertad;Protagonista;Fotográfica
2168;Aliento Salvaje;Animales;Caballos;Pastel;violeta, naranja;Horizontal;Living;Moderno;Libertad;Protagonista;Collage/Mixta
2169;Caballos en la pradera;Animales;Caballos;Oscuro;verde, amarillo;Horizontal;Living;Nórdico;Calma;Equilibrado;Fotográfica
2170;Yegua y Potrillo 2;Animales;Caballos;Cálido;marrón, verde;Horizontal;Living;Nórdico;Armonía;Equilibrado;Fotográfica
2171;Mirada ecuestre;Animales;Caballos;Blanco y Negro;plateado, gris;Horizontal;Hall de Entrada;Minimalista;Fuerza;Protagonista;Fotográfica
2172;Ébano en Movimiento;Animales;Caballos;Oscuro;negro, plateado;Horizontal;Hall de Entrada;Industrial;Fuerza;Protagonista;Fotográfica
2173;Contrastes de Invierno;Animales;Caballos;Blanco y Negro;violeta, negro;Horizontal;Living;Moderno;Libertad;Protagonista;Fotográfica
2174;Rienda Suelta;Animales;Caballos;Cálido;naranja, marrón;Horizontal;Living;Clásico;Libertad;Protagonista;Pictórica
2175;Caballos del Ocaso;Animales;Caballos;Cálido;naranja, violeta;Horizontal;Living;Moderno;Libertad;Protagonista;Collage/Mixta
2176;El Paso del Corcel;Animales;Caballos;Cálido;marrón, amarillo;Horizontal;Living;Clásico;Libertad;Protagonista;Fotográfica
2177;Brío Indomable;Animales;Caballos;Cálido;naranja, violeta;Horizontal;Living;Moderno;Fuerza;Protagonista;Fotográfica
2178;La Fuente de la Vida;Botanica;Arboles;Metálico;amarillo, dorado;Horizontal;Hall de Entrada;Elegante;Inspiración;Protagonista;Digital/3D
2179;Promesa bajo el Árbol Rojo;Botanica;Arboles;Cálido;rojo, naranja;Horizontal;Dormitorio;Moderno;Romanticismo;Protagonista;Ilustrativa
2180;Árbol de la Abundancia 1;Botanica;Arboles;Pastel;violeta, naranja;Horizontal;Living;Boho;Armonía;Equilibrado;Ilustrativa
2181;Vibración Cromática;Abstracto;General;Frío;gris, amarillo;Horizontal;Living;Moderno;Calma;Equilibrado;Abstracta
2182;Composición Moderna;Abstracto;General;Metálico;gris, beige;Horizontal;Living;Elegante;Elegancia;Equilibrado;Abstracta
2183;Expresión Infinita;Abstracto;General;Metálico;plateado, gris;Horizontal;Living;Industrial;Elegancia;Protagonista;Abstracta
2184;Sinfonía Cromática;Abstracto;General;Cálido;naranja, amarillo;Horizontal;Living;Moderno;Alegría;Equilibrado;Abstracta
2185;Silencio Floral;Botanica;Flores;Vibrante;violeta, rosa;Horizontal;Living;Moderno;Alegría;Protagonista;Pictórica
2186;Vuelo de Pétalos;Botanica;Flores;Pastel;rosa, blanco;Horizontal;Dormitorio;Nórdico;Calma;Suave;Pictórica
2187;Azul en Flor;Botanica;Flores;Frío;azul, amarillo;Horizontal;Living;Elegante;Elegancia;Protagonista;Pictórica
2188;Floración Eterna;Botanica;Flores;Vibrante;dorado, violeta;Horizontal;Living;Boho;Energía;Protagonista;Pictórica
2189;Corazón de León;Animales;Felinos;Vibrante;violeta, dorado;Horizontal;Infantil/Juvenil;Moderno;Fuerza;Protagonista;Ilustrativa
2190;Nobleza Salvaje;Animales;Felinos;Metálico;dorado, amarillo;Horizontal;Hall de Entrada;Elegante;Fuerza;Protagonista;Digital/3D
2192;Silencio de Ébano;Animales;Felinos;Oscuro;plateado, gris;Horizontal;Hall de Entrada;Industrial;Misterio;Protagonista;Fotográfica
2193;Linaje de Sombras;Animales;Felinos;Blanco y Negro;negro, plateado;Horizontal;Living;Nórdico;Armonía;Equilibrado;Digital/3D
2194;Sombras de la Selva;Animales;Felinos;Oscuro;negro, plateado;Horizontal;Living;Nórdico;Armonía;Equilibrado;Digital/3D
2195;Rey de Mil Colores;Animales;Felinos;Vibrante;violeta, verde;Horizontal;Living;Boho;Fuerza;Protagonista;Pictórica
2196;Orgullo de Familia;Animales;Felinos;Cálido;marrón, dorado;Horizontal;Living;Clásico;Armonía;Protagonista;Ilustrativa
2197;Espíritu Nocturno;Animales;Felinos;Frío;azul, verde;Vertical;Hall de Entrada;Moderno;Misterio;Protagonista;Fotográfica
2198;Mirada Nocturna;Animales;Felinos;Blanco y Negro;verde, negro;Horizontal;Hall de Entrada;Minimalista;Misterio;Protagonista;Fotográfica
2199;El León de la Cruz;Animales;Felinos;Frío;naranja, plateado;Vertical;Hall de Entrada;Moderno;Fuerza;Protagonista;Collage/Mixta
2200;Donde Nace el Coraje;Animales;Felinos;Frío;verde, rojo;Vertical;Hall de Entrada;Minimalista;Fuerza;Protagonista;Fotográfica
2201;Majestad Salvaje;Animales;Felinos;Blanco y Negro;gris, plateado;Horizontal;Living;Industrial;Fuerza;Protagonista;Fotográfica
2202;El Guardián;Animales;Felinos;Vibrante;naranja, violeta;Horizontal;Living;Moderno;Energía;Protagonista;Pictórica
2203;Alma Salvaje;Animales;Felinos;Blanco y Negro;azul, plateado;Horizontal;Hall de Entrada;Minimalista;Misterio;Protagonista;Fotográfica
2204;El Reino del Instinto;Animales;Felinos;Cálido;naranja, amarillo;Horizontal;Living;Clásico;Fuerza;Protagonista;Fotográfica
2205;El Espíritu de la Selva;Animales;Felinos;Frío;violeta, azul;Horizontal;Infantil/Juvenil;Boho;Fuerza;Protagonista;Ilustrativa
2206;Instinto de Oro;Animales;Felinos;Vibrante;naranja, amarillo;Horizontal;Living;Boho;Fuerza;Protagonista;Pictórica
2207;Guardián de las Cascadas;Animales;Felinos;Vibrante;verde, naranja;Horizontal;Living;Clásico;Fuerza;Protagonista;Digital/3D
2208;Esencia Felina;Animales;Felinos;Frío;azul, plateado;Horizontal;Hall de Entrada;Moderno;Fuerza;Protagonista;Digital/3D
2209;Rugido de Fuego;Animales;Felinos;Oscuro;naranja, violeta;Horizontal;Hall de Entrada;Industrial;Fuerza;Protagonista;Digital/3D
2210;Instinto Neón;Animales;Felinos;Vibrante;violeta, verde;Horizontal;Infantil/Juvenil;Moderno;Energía;Protagonista;Digital/3D
2211;Mirada Hipnótica;Animales;Felinos;Vibrante;violeta, dorado;Horizontal;Infantil/Juvenil;Moderno;Energía;Protagonista;Ilustrativa
2212;Corazón Salvaje 2;Animales;Felinos;Blanco y Negro;plateado, gris;Horizontal;Hall de Entrada;Minimalista;Fuerza;Protagonista;Fotográfica
2213;Espíritu Salvaje;Animales;Felinos;Blanco y Negro;gris, plateado;Horizontal;Living;Industrial;Fuerza;Equilibrado;Fotográfica
2214;Tigre sobre la Ciudad;Animales;Felinos;Blanco y Negro;plateado, violeta;Horizontal;Hall de Entrada;Moderno;Misterio;Protagonista;Collage/Mixta
2215;Mirada Eterna 1;Animales;Felinos;Frío;azul, plateado;Horizontal;Hall de Entrada;Moderno;Misterio;Protagonista;Digital/3D
1991;Bosque nevado bajo la luna;Paisajes;Bosque;Frío;azul, plateado;Horizontal;Dormitorio;Moderno;Misterio;Protagonista;Digital/3D
1996;Luces tras el cristal;Paisajes;General;Frío;naranja, amarillo;Horizontal;Dormitorio;Industrial;Misterio;Equilibrado;Fotográfica
1999;Calidez de invierno;Paisajes;General;Frío;blanco, naranja;Horizontal;Dormitorio;Nórdico;Calma;Equilibrado;Fotográfica
2002;Tierra de Ensueño;Paisajes;General;Cálido;naranja, violeta;Horizontal;Dormitorio;Nórdico;Calma;Equilibrado;Fotográfica
2005;La Belleza del Mundo;Paisajes;General;Cálido;violeta, naranja;Horizontal;Dormitorio;Nórdico;Calma;Equilibrado;Fotográfica
2007;Fusión de Formas;Abstracto;General;Frío;azul, blanco;Horizontal;Living;Moderno;Misterio;Protagonista;Pictórica
2191;Neón Indomable;Animales;Felinos;Vibrante;violeta, naranja;Horizontal;Infantil/Juvenil;Moderno;Misterio;Protagonista;Digital/3D
1993;Retrato de ciervo;Animales;Ciervo;Frío;marrón, plateado;Horizontal;Living;Nórdico;Calma;Equilibrado;Fotográfica
1998;Lechuza de invierno;Animales;Lechuza;Frío;plateado, blanco;Horizontal;Infantil/Juvenil;Nórdico;Misterio;Protagonista;Fotográfica
2001;Noche nevada;Paisajes;General;Oscuro;blanco, naranja;Horizontal;Living;Industrial;Misterio;Protagonista;Fotográfica
2061;Retrato ecuestre en blanco y negro;Animales;Caballos;Blanco y Negro;plateado, gris;Vertical;Living;Minimalista;Fuerza;Equilibrado;Fotográfica
2216;Presencia Salvaje;Animales;Felinos;Frío;dorado, amarillo;Horizontal;Living;Moderno;Misterio;Protagonista;Digital/3D
2217;Sed de la Selva;Animales;Felinos;Cálido;naranja, verde;Horizontal;Living;Nórdico;Calma;Equilibrado;Fotográfica
2218;Fuerza Indómita;Animales;Felinos;Vibrante;naranja, amarillo;Horizontal;Hall de Entrada;Minimalista;Fuerza;Protagonista;Fotográfica
2219;El Guardián Salvaje;Animales;Felinos;Cálido;naranja, violeta;Horizontal;Living;Moderno;Calma;Equilibrado;Collage/Mixta
2220;Nocturno para Pantera;Animales;Felinos;Oscuro;negro, dorado;Horizontal;Living;Elegante;Elegancia;Protagonista;Collage/Mixta
2221;Silencio Eléctrico;Animales;Felinos;Frío;azul, negro;Horizontal;Hall de Entrada;Moderno;Misterio;Protagonista;Digital/3D
2222;La Fuerza del Silencio;Animales;Felinos;Cálido;marrón, verde;Horizontal;Living;Moderno;Fuerza;Protagonista;Digital/3D
2223;La Mirada del Rey;Animales;Felinos;Frío;amarillo, dorado;Horizontal;Hall de Entrada;Moderno;Fuerza;Protagonista;Digital/3D
2224;Poder Natural;Animales;Felinos;Frío;naranja, marrón;Horizontal;Hall de Entrada;Elegante;Misterio;Protagonista;Fotográfica
2225;Espíritu Indomable;Animales;Felinos;Blanco y Negro;azul, plateado;Horizontal;Hall de Entrada;Minimalista;Misterio;Protagonista;Fotográfica
2226;Herencia Felina;Animales;Felinos;Neutro;plateado, gris;Horizontal;Living;Clásico;Armonía;Equilibrado;Ilustrativa
2227;Rey de la Sabana;Animales;Felinos;Vibrante;dorado, marrón;Horizontal;Living;Boho;Fuerza;Protagonista;Ilustrativa
2228;León de las Constelaciones;Animales;Felinos;Frío;violeta, azul;Horizontal;Infantil/Juvenil;Moderno;Misterio;Protagonista;Digital/3D
2229;Dominio;Animales;Felinos;Oscuro;rojo, plateado;Horizontal;Hall de Entrada;Moderno;Misterio;Protagonista;Digital/3D
2230;Fuerza Interior;Animales;Felinos;Blanco y Negro;naranja, plateado;Vertical;Hall de Entrada;Clásico;Misterio;Protagonista;Fotográfica
2231;Alma Incandescente;Animales;Felinos;Vibrante;naranja, amarillo;Horizontal;Hall de Entrada;Moderno;Fuerza;Protagonista;Digital/3D
2232;Espíritu Real;Animales;Felinos;Blanco y Negro;azul, naranja;Horizontal;Hall de Entrada;Minimalista;Misterio;Protagonista;Fotográfica
2233;Libertad Salvaje;Animales;Felinos;Blanco y Negro;gris, plateado;Horizontal;Living;Industrial;Fuerza;Protagonista;Fotográfica
2234;Complicidad Salvaje;Animales;Felinos;Frío;violeta, amarillo;Horizontal;Living;Clásico;Armonía;Protagonista;Pictórica
2235;Rugido del Ocaso;Animales;Felinos;Cálido;amarillo, dorado;Horizontal;Hall de Entrada;Clásico;Fuerza;Protagonista;Collage/Mixta
2236;Majestad Felina;Animales;Felinos;Metálico;amarillo, dorado;Vertical;Hall de Entrada;Moderno;Misterio;Protagonista;Digital/3D
2237;Primeros Pasos del Reino;Animales;Felinos;Cálido;naranja, dorado;Horizontal;Infantil/Juvenil;Nórdico;Alegría;Equilibrado;Fotográfica
2238;Abrazo de la Manada;Animales;Felinos;Cálido;dorado, plateado;Horizontal;Living;Nórdico;Armonía;Equilibrado;Fotográfica
2239;Instinto Real;Animales;Felinos;Blanco y Negro;verde, plateado;Horizontal;Hall de Entrada;Industrial;Fuerza;Protagonista;Fotográfica
2242;Mirada Abisal;Animales;Lobos;Frío;azul, violeta;Horizontal;Hall de Entrada;Moderno;Misterio;Protagonista;Digital/3D
2243;El Lobo y la Luna;Animales;Lobos;Cálido;verde, marrón;Horizontal;Hall de Entrada;Moderno;Misterio;Protagonista;Digital/3D
2245;Guardián del Hielo;Animales;Lobos;Frío;plateado, azul;Horizontal;Living;Nórdico;Misterio;Protagonista;Collage/Mixta
2246;Aullido del Bosque;Animales;Lobos;Oscuro;gris, plateado;Horizontal;Hall de Entrada;Minimalista;Misterio;Protagonista;Fotográfica
2247;Furia de Invierno;Animales;Lobos;Frío;plateado, gris;Horizontal;Hall de Entrada;Industrial;Fuerza;Protagonista;Fotográfica
2248;Lazos de Manada;Animales;Lobos;Cálido;naranja, rojo;Horizontal;Living;Nórdico;Armonía;Equilibrado;Fotográfica
2249;Vigía de las Cumbres;Animales;Lobos;Frío;plateado, gris;Horizontal;Living;Clásico;Fuerza;Equilibrado;Fotográfica
2250;Azul contra la Piedra;Paisajes;Playa;Frío;verde, azul;Horizontal;Living;Nórdico;Calma;Equilibrado;Fotográfica
2251;Cielo y Mar;Paisajes;Playa;Cálido;naranja, rojo;Horizontal;Living;Moderno;Energía;Protagonista;Fotográfica
2252;Marea de Cristal;Paisajes;Playa;Frío;azul, violeta;Horizontal;Living;Nórdico;Calma;Equilibrado;Fotográfica
2253;Atardecer Costero 2;Paisajes;Playa;Cálido;rojo, naranja;Horizontal;Living;Moderno;Inspiración;Protagonista;Pictórica
2254;Sol de Sangre sobre el Mar;Paisajes;Playa;Cálido;naranja, rojo;Horizontal;Hall de Entrada;Moderno;Energía;Protagonista;Digital/3D
2255;Susurro Primaveral;Botanica;Flores;Frío;azul, dorado;Horizontal;Living;Elegante;Elegancia;Protagonista;Digital/3D
2256;Ternura Silvestre;Botanica;Flores;Metálico;dorado, marrón;Horizontal;Living;Elegante;Elegancia;Protagonista;Digital/3D
2257;Diálogo Cromático;Abstracto;General;Metálico;dorado, plateado;Horizontal;Hall de Entrada;Moderno;Elegancia;Protagonista;Digital/3D
2258;Mareas de Tinta;Abstracto;General;Vibrante;dorado, amarillo;Horizontal;Living;Boho;Armonía;Protagonista;Abstracta
2259;Estructura y Color;Abstracto;General;Frío;dorado, amarillo;Horizontal;Living;Elegante;Calma;Equilibrado;Abstracta
2261;Danza de Formas;Abstracto;General;Metálico;dorado, negro;Horizontal;Hall de Entrada;Elegante;Elegancia;Protagonista;Abstracta
2262;Caos Armónico 1;Abstracto;General;Metálico;dorado, amarillo;Horizontal;Living;Industrial;Elegancia;Protagonista;Abstracta
2263;El Juego de las Formas;Abstracto;General;Frío;azul, plateado;Vertical;Oficina;Moderno;Inspiración;Protagonista;Ilustrativa
2264;Textura Emocional;Abstracto;General;Metálico;naranja, dorado;Horizontal;Living;Elegante;Elegancia;Equilibrado;Abstracta
2265;Ritmo Visual;Abstracto;General;Vibrante;naranja, dorado;Horizontal;Hall de Entrada;Elegante;Energía;Protagonista;Abstracta
2268;Juego de Texturas;Abstracto;General;Metálico;plateado, gris;Vertical;Dormitorio;Elegante;Calma;Equilibrado;Abstracta
2269;Tensión Cromática;Abstracto;General;Frío;azul, dorado;Horizontal;Living;Elegante;Elegancia;Protagonista;Abstracta
2270;Despertar Interior;Budismo;General;Neutro;dorado, gris;Horizontal;Dormitorio;Minimalista;Calma;Equilibrado;Collage/Mixta
2271;Donde Rompe el Mar;Paisajes;Playa;Tierra;azul, naranja;Horizontal;Living;Nórdico;Calma;Equilibrado;Fotográfica
2272;El Abrazo del Verano;Paisajes;Playa;Frío;azul, naranja;Horizontal;Living;Nórdico;Calma;Equilibrado;Fotográfica
2273;El Abrazo de la Arena;Paisajes;Playa;Pastel;naranja, amarillo;Horizontal;Dormitorio;Nórdico;Calma;Suave;Fotográfica
2274;Costa Serena;Paisajes;Playa;Pastel;naranja, violeta;Horizontal;Living;Nórdico;Calma;Equilibrado;Collage/Mixta
2275;Arena de Ensueño;Paisajes;Playa;Pastel;naranja, azul;Horizontal;Living;Nórdico;Calma;Equilibrado;Fotográfica
2276;Brisa Marina;Paisajes;Playa;Cálido;naranja, amarillo;Horizontal;Living;Boho;Calma;Equilibrado;Fotográfica
2277;Horizonte de Sal;Paisajes;Playa;Pastel;marrón, azul;Horizontal;Living;Nórdico;Calma;Suave;Fotográfica
2278;Paraíso Magenta;Paisajes;Playa;Cálido;naranja, violeta;Horizontal;Living;Moderno;Energía;Protagonista;Fotográfica
2279;Camino al Horizonte;Paisajes;Playa;Pastel;naranja, azul;Horizontal;Living;Minimalista;Calma;Suave;Collage/Mixta
2280;Verano Eterno;Paisajes;Playa;Cálido;naranja, verde;Horizontal;Living;Nórdico;Calma;Equilibrado;Fotográfica
2281;Oro sobre las Olas;Paisajes;Playa;Cálido;naranja, amarillo;Horizontal;Living;Nórdico;Calma;Equilibrado;Fotográfica
2282;Horizonte Coral;Paisajes;Playa;Cálido;naranja, amarillo;Horizontal;Living;Boho;Alegría;Protagonista;Fotográfica
2283;Refugio al Anochecer;Paisajes;Playa;Pastel;naranja, azul;Horizontal;Living;Nórdico;Calma;Equilibrado;Fotográfica
2284;Bajo el Sol de la Costa;Paisajes;Playa;Pastel;azul, violeta;Horizontal;Living;Moderno;Calma;Equilibrado;Fotográfica
2285;Pausa en la Arena;Paisajes;Playa;Pastel;marrón, azul;Horizontal;Dormitorio;Nórdico;Calma;Suave;Fotográfica
2286;Antes de Sumergirse;Paisajes;Playa;Cálido;amarillo, azul;Horizontal;Living;Boho;Libertad;Protagonista;Fotográfica
2287;Cielo de Oro;Paisajes;Playa;Cálido;naranja, amarillo;Horizontal;Living;Nórdico;Calma;Protagonista;Fotográfica
2288;Pasarela a la Tormenta;Paisajes;Playa;Pastel;violeta, azul;Horizontal;Living;Industrial;Misterio;Protagonista;Fotográfica
2293;Fragmentos del Alma 2;Mujer;General;Cálido;naranja, azul;Vertical;Dormitorio;Moderno;Misterio;Protagonista;Fotográfica
2294;Agua de Vida;Cristianismo;General;Frío;blanco, naranja;Horizontal;Dormitorio;Nórdico;Calma;Equilibrado;Fotográfica
2295;Camino de Esperanza;Cristianismo;General;Vibrante;rojo, naranja;Horizontal;Living;Clásico;Inspiración;Protagonista;Ilustrativa
2296;El Reflejo del Alma;Mujer;General;Cálido;naranja, marrón;Vertical;Dormitorio;Moderno;Misterio;Protagonista;Fotográfica
2297;Fe Inquebrantable;Cristianismo;General;Metálico;dorado, plateado;Horizontal;Living;Clásico;Fuerza;Protagonista;Digital/3D
2298;Promesa de Paz;Cristianismo;General;Cálido;dorado, plateado;Horizontal;Living;Clásico;Inspiración;Protagonista;Digital/3D
2299;Corona y León;Cristianismo;General;Metálico;dorado, naranja;Horizontal;Living;Clásico;Fuerza;Protagonista;Digital/3D
2300;Camino de Luz;Cristianismo;General;Oscuro;amarillo, dorado;Horizontal;Living;Clásico;Inspiración;Protagonista;Digital/3D
2301;Oración entre Flores;Cristianismo;General;Blanco y Negro;blanco, gris;Vertical;Dormitorio;Clásico;Romanticismo;Equilibrado;Fotográfica
2302;Promesa Cumplida;Cristianismo;General;Metálico;dorado, amarillo;Horizontal;Living;Clásico;Fuerza;Protagonista;Digital/3D
2303;Gracia Eterna;Cristianismo;General;Cálido;dorado, marrón;Horizontal;Living;Clásico;Fuerza;Protagonista;Digital/3D
2304;Rostro de Luz;Mujer;General;Cálido;naranja, beige;Vertical;Dormitorio;Boho;Calma;Protagonista;Fotográfica
2305;Oración en Silencio;Cristianismo;General;Metálico;rojo, dorado;Horizontal;Dormitorio;Clásico;Inspiración;Equilibrado;Fotográfica
2306;Redención;Cristianismo;General;Oscuro;naranja, dorado;Horizontal;Living;Clásico;Inspiración;Protagonista;Collage/Mixta
2307;Mosaico de Fe;Cristianismo;General;Metálico;amarillo, naranja;Vertical;Living;Clásico;Inspiración;Protagonista;Ilustrativa
2308;Encanto Infinito;Mujer;General;Cálido;amarillo, marrón;Vertical;Dormitorio;Boho;Calma;Equilibrado;Fotográfica
2309;Destino Celestial;Alas;General;Metálico;dorado, amarillo;Horizontal;Hall de Entrada;Elegante;Inspiración;Protagonista;Digital/3D
2310;El Latido del Mar;Paisajes;Playa;Pastel;azul, naranja;Vertical;Dormitorio;Nórdico;Calma;Suave;Ilustrativa
2311;Horizonte Sereno;Paisajes;Playa;Cálido;naranja, violeta;Horizontal;Dormitorio;Minimalista;Calma;Suave;Ilustrativa
2313;Reflejos del Mar;Paisajes;Playa;Pastel;azul, beige;Horizontal;Dormitorio;Minimalista;Calma;Suave;Ilustrativa
2320;Playa del Alba;Paisajes;Playa;Pastel;azul, verde;Horizontal;Infantil/Juvenil;Boho;Alegría;Equilibrado;Ilustrativa
2324;El Susurro Costero;Paisajes;Playa;Frío;azul, naranja;Horizontal;Dormitorio;Nórdico;Calma;Suave;Ilustrativa
2326;Cascada Esmeralda 1;Paisajes;Playa;Oscuro;marrón, negro;Horizontal;Living;Moderno;Energía;Protagonista;Collage/Mixta
2330;Danza de Gigantes;Abstracto;General;Pastel;azul, gris;Horizontal;Infantil/Juvenil;Nórdico;Calma;Equilibrado;Ilustrativa
2331;Felicidad en la Arena;Paisajes;Playa;Pastel;violeta, naranja;Horizontal;Dormitorio;Nórdico;Alegría;Equilibrado;Fotográfica
2334;Orilla de Acuarela;Paisajes;Playa;Frío;azul, blanco;Horizontal;Dormitorio;Nórdico;Calma;Suave;Ilustrativa
2335;Impulso Creativo;Abstracto;General;Frío;azul, dorado;Horizontal;Living;Elegante;Calma;Equilibrado;Abstracta
2336;El Alma del Mundo;Mapamundi;General;Metálico;plateado, blanco;Horizontal;Oficina;Minimalista;Inspiración;Equilibrado;Ilustrativa
2338;Bosque Encantado;Paisajes;Montañas;Neutro;verde, plateado;Horizontal;Infantil/Juvenil;Nórdico;Calma;Equilibrado;Ilustrativa
2339;Costa Eterna;Paisajes;Playa;Cálido;naranja, amarillo;Horizontal;Living;Moderno;Inspiración;Protagonista;Pictórica
2340;Capas de Color;Abstracto;General;Metálico;dorado, amarillo;Horizontal;Hall de Entrada;Elegante;Elegancia;Protagonista;Abstracta
2341;El Mundo en un Trazo;Mapamundi;General;Oscuro;negro, plateado;Horizontal;Oficina;Industrial;Inspiración;Protagonista;Ilustrativa
2342;Descanso Tropical 1;Paisajes;Playa;Cálido;naranja, verde;Horizontal;Infantil/Juvenil;Moderno;Alegría;Protagonista;Ilustrativa
2343;Sal y Horizonte;Paisajes;Playa;Vibrante;naranja, rojo;Horizontal;Living;Moderno;Energía;Protagonista;Ilustrativa
2344;Bote en la Orilla;Paisajes;Playa;Cálido;azul, naranja;Horizontal;Infantil/Juvenil;Moderno;Alegría;Protagonista;Ilustrativa
2349;Sal y Espuma;Paisajes;Playa;Pastel;azul, gris;Horizontal;Dormitorio;Nórdico;Calma;Suave;Pictórica
2350;Marea Perlada;Paisajes;Playa;Cálido;amarillo, naranja;Horizontal;Dormitorio;Boho;Calma;Equilibrado;Collage/Mixta
2351;El Susurro de la Marea;Paisajes;Playa;Cálido;naranja, amarillo;Horizontal;Living;Boho;Calma;Protagonista;Fotográfica
2353;Pradera de las Cumbres;Paisajes;Montañas;Pastel;rosa, violeta;Horizontal;Dormitorio;Boho;Alegría;Equilibrado;Ilustrativa
2354;Manto Nocturno;Paisajes;Luna;Pastel;beige, plateado;Horizontal;Dormitorio;Boho;Calma;Suave;Ilustrativa
2355;Cascada de Esmeralda;Paisajes;General;Pastel;violeta, amarillo;Horizontal;Living;Moderno;Energía;Protagonista;Collage/Mixta
2356;Gracia Salvaje;Animales;Felinos;Oscuro;negro, plateado;Vertical;Hall de Entrada;Minimalista;Fuerza;Protagonista;Ilustrativa
2357;Fragmento de Jardín;Botanica;Flores;Vibrante;amarillo, negro;Vertical;Cocina;Boho;Alegría;Protagonista;Fotográfica
2359;Fuego en Flor;Botanica;Flores;Cálido;naranja, rojo;Vertical;Dormitorio;Minimalista;Energía;Protagonista;Fotográfica
2360;Amor Atemporal;Romantico;General;Oscuro;rojo, violeta;Vertical;Dormitorio;Moderno;Romanticismo;Protagonista;Collage/Mixta
2361;El Lenguaje del Viento;Plumas;General;Vibrante;marrón, violeta;Horizontal;Dormitorio;Boho;Libertad;Equilibrado;Ilustrativa
2362;Brindis en Movimiento;Bodegas;General;Cálido;rojo, amarillo;Vertical;Comedor;Moderno;Alegría;Protagonista;Collage/Mixta
2363;Naturaleza Serena 2;Paisajes;Flores;Vibrante;naranja, amarillo;Horizontal;Living;Nórdico;Alegría;Equilibrado;Fotográfica
2365;Flores del Amanecer;Paisajes;Flores;Cálido;amarillo, naranja;Vertical;Living;Boho;Alegría;Protagonista;Fotográfica
2367;Trazo Libre 1;Abstracto;General;Metálico;dorado, beige;Horizontal;Dormitorio;Elegante;Elegancia;Protagonista;Abstracta
2368;Viaje sobre el Espejo;Paisajes;Montañas;Cálido;amarillo, naranja;Horizontal;Living;Boho;Libertad;Protagonista;Digital/3D
2369;Encanto Perenne;Botanica;Flores;Pastel;verde, blanco;Horizontal;Dormitorio;Nórdico;Alegría;Equilibrado;Ilustrativa
2370;Delicadeza en Pétalos;Botanica;Flores;Frío;amarillo, azul;Vertical;Cocina;Moderno;Alegría;Protagonista;Fotográfica
2371;Impulso Salvaje;Animales;Caballos;Pastel;plateado, gris;Horizontal;Living;Elegante;Libertad;Protagonista;Ilustrativa
2372;Geometría de los Sueños;Mujer;General;Frío;amarillo, dorado;Horizontal;Hall de Entrada;Moderno;Misterio;Protagonista;Collage/Mixta
2373;Esencia Perenne;Botanica;Flores;Pastel;rosa, blanco;Vertical;Dormitorio;Clásico;Romanticismo;Protagonista;Digital/3D
2375;Corazón Indomable;Animales;Felinos;Vibrante;naranja, amarillo;Vertical;Hall de Entrada;Boho;Fuerza;Protagonista;Ilustrativa
2376;Destello Mágico;Animales;Unicornio;Pastel;plateado, dorado;Vertical;Infantil/Juvenil;Moderno;Alegría;Protagonista;Ilustrativa
2377;Espíritu Rayado;Animales;Cebras;Vibrante;plateado, marrón;Vertical;Hall de Entrada;Minimalista;Fuerza;Protagonista;Fotográfica
2378;Verano en Calma;Paisajes;Playa;Pastel;azul, gris;Horizontal;Dormitorio;Nórdico;Calma;Suave;Pictórica
2379;Playa Turquesa;Paisajes;Playa;Vibrante;azul, naranja;Vertical;Living;Nórdico;Libertad;Protagonista;Fotográfica
2381;Viva la Vida;Mujer;General;Vibrante;amarillo, dorado;Vertical;Hall de Entrada;Boho;Inspiración;Protagonista;Ilustrativa
2382;Aroma de Jardín;Botanica;Flores;Metálico;blanco, beige;Horizontal;Living;Elegante;Elegancia;Protagonista;Digital/3D
2383;Luz entre Flores;Botanica;Flores;Metálico;beige, blanco;Horizontal;Living;Elegante;Elegancia;Protagonista;Digital/3D
2384;La Pasión por la Meta;Deporte;Racing;Frío;azul, dorado;Vertical;Oficina;Industrial;Energía;Protagonista;Fotográfica
2385;La Academia en Fiesta;Deporte;Racing;Oscuro;azul, dorado;Vertical;Living;Moderno;Alegría;Protagonista;Fotográfica
2386;Escudo Académico;Deporte;Racing;Frío;plateado, azul;Vertical;Infantil/Juvenil;Moderno;Energía;Protagonista;Ilustrativa
2387;La Guardia Imperial;Deporte;Racing;Oscuro;dorado, azul;Vertical;Infantil/Juvenil;Industrial;Energía;Protagonista;Fotográfica
2388;Frida entre Flores 1;Mujer;General;Vibrante;dorado, rosa;Horizontal;Hall de Entrada;Boho;Inspiración;Protagonista;Ilustrativa
2389;Firma de Frida;Mujer;General;Vibrante;dorado, amarillo;Horizontal;Hall de Entrada;Boho;Inspiración;Protagonista;Ilustrativa
2390;Pasión Celeste;Deporte;Racing;Frío;azul, marrón;Vertical;Infantil/Juvenil;Moderno;Energía;Protagonista;Fotográfica
2391;El Cilindro desde el Cielo;Deporte;Racing;Frío;azul, dorado;Vertical;Oficina;Industrial;Energía;Protagonista;Fotográfica
2392;Jardín del Alma;Mujer;General;Pastel;naranja, rosa;Vertical;Dormitorio;Boho;Inspiración;Protagonista;Ilustrativa
2393;Vitral de Primavera;Mujer;General;Cálido;dorado, naranja;Vertical;Living;Clásico;Armonía;Protagonista;Ilustrativa
2394;Metamorfosis Floral;Mujer;General;Frío;gris, blanco;Horizontal;Dormitorio;Boho;Inspiración;Protagonista;Ilustrativa
2395;Luz Femenina 2;Mujer;General;Pastel;blanco, gris;Horizontal;Dormitorio;Boho;Inspiración;Protagonista;Ilustrativa
2396;Muro de la Fe;Paisajes;General;Vibrante;azul, naranja;Horizontal;Living;Clásico;Inspiración;Protagonista;Fotográfica
2397;Fragmentos de Identidad;Mujer;General;Vibrante;marrón, amarillo;Vertical;Hall de Entrada;Moderno;Energía;Protagonista;Collage/Mixta
2398;Equilibrio en Silencio;Mujer;General;Blanco y Negro;plateado, gris;Horizontal;Dormitorio;Clásico;Elegancia;Protagonista;Fotográfica
2399;Rosa de Rocío;Botanica;Flores;Frío;rosa, violeta;Vertical;Dormitorio;Clásico;Romanticismo;Protagonista;Fotográfica
2400;Tesoro Floral;Botanica;Flores;Pastel;amarillo, blanco;Vertical;Dormitorio;Nórdico;Calma;Suave;Ilustrativa
2401;Aroma Eterno;Botanica;Flores;Pastel;rosa, violeta;Vertical;Dormitorio;Elegante;Romanticismo;Protagonista;Fotográfica
2402;Sol entre Girasoles;Botanica;Flores;Cálido;amarillo, naranja;Horizontal;Living;Boho;Alegría;Protagonista;Fotográfica
2403;La Biblioteca del Sol;Botanica;Flores;Cálido;amarillo, marrón;Horizontal;Oficina;Boho;Inspiración;Protagonista;Digital/3D
2404;Silencio de Pétalos;Botanica;Flores;Cálido;naranja, amarillo;Horizontal;Living;Boho;Alegría;Protagonista;Fotográfica
2405;Sol entre Gotas;Botanica;Flores;Vibrante;amarillo, naranja;Horizontal;Living;Boho;Alegría;Protagonista;Fotográfica
2406;Noche Académica;Deporte;Racing;Frío;azul, dorado;Vertical;Infantil/Juvenil;Industrial;Energía;Protagonista;Fotográfica
2407;Jardín Colorido;Botanica;Flores;Cálido;amarillo, verde;Horizontal;Living;Nórdico;Alegría;Protagonista;Fotográfica
2408;Corola de Luz;Botanica;Flores;Pastel;amarillo, blanco;Horizontal;Dormitorio;Nórdico;Calma;Suave;Pictórica
2409;Pétalos Eternos;Botanica;Flores;Vibrante;rosa, rojo;Vertical;Dormitorio;Clásico;Romanticismo;Protagonista;Fotográfica
2410;El Vuelo de la Belleza;Animales;Mariposas;Vibrante;naranja, violeta;Horizontal;Living;Boho;Libertad;Protagonista;Fotográfica
2411;Ligereza Alada;Animales;Mariposas;Vibrante;naranja, marrón;Horizontal;Living;Nórdico;Libertad;Equilibrado;Fotográfica
2412;Efímera Belleza;Animales;Mariposas;Cálido;naranja, marrón;Horizontal;Living;Nórdico;Alegría;Equilibrado;Fotográfica
2413;Majestad del Bosque;Animales;Ciervo;Metálico;naranja, plateado;Horizontal;Living;Moderno;Armonía;Protagonista;Digital/3D
2414;Pulso de la Ciudad 1;Paisajes;Ciudades;Vibrante;naranja, violeta;Horizontal;Oficina;Moderno;Energía;Protagonista;Fotográfica
2415;Rosas de Marfil;Botanica;Flores;Metálico;blanco, beige;Horizontal;Living;Elegante;Elegancia;Protagonista;Digital/3D
2416;Jardín Rosado 1;Botanica;Flores;Pastel;rosa, rojo;Vertical;Dormitorio;Clásico;Romanticismo;Suave;Fotográfica
2417;Instante Floral;Botanica;Flores;Cálido;amarillo, verde;Horizontal;Living;Boho;Alegría;Protagonista;Fotográfica
2418;Gracia Silvestre;Botanica;Flores;Pastel;blanco, amarillo;Horizontal;Cocina;Nórdico;Alegría;Equilibrado;Fotográfica
2419;Melodía Silvestre;Botanica;Flores;Pastel;blanco, plateado;Horizontal;Dormitorio;Nórdico;Calma;Suave;Fotográfica
2420;Mirada Eterna 2;Mujer;General;Neutro;amarillo, dorado;Horizontal;Dormitorio;Boho;Calma;Equilibrado;Collage/Mixta
2421;Vigilia del Bosque;Animales;Osos;Cálido;marrón, naranja;Horizontal;Infantil/Juvenil;Moderno;Fuerza;Protagonista;Digital/3D
2422;Memoria Académica;Deporte;Racing;Frío;marrón, azul;Vertical;Infantil/Juvenil;Clásico;Inspiración;Protagonista;Digital/3D
2423;Rocío de Primavera;Botanica;Flores;Frío;blanco, amarillo;Horizontal;Living;Minimalista;Calma;Equilibrado;Fotográfica
2424;Corazón de Margarita;Botanica;Flores;Pastel;blanco, amarillo;Horizontal;Living;Minimalista;Calma;Suave;Fotográfica
2426;Frida entre Flores 2;Mujer;General;Blanco y Negro;plateado, blanco;Vertical;Hall de Entrada;Moderno;Inspiración;Protagonista;Ilustrativa
2427;Jardín de Frida;Mujer;General;Vibrante;dorado, marrón;Vertical;Hall de Entrada;Boho;Inspiración;Protagonista;Ilustrativa
2428;Raíces de la Tierra;Mujer;Rostros étnicos;Frío;azul, dorado;Vertical;Hall de Entrada;Elegante;Misterio;Protagonista;Fotográfica
2429;La Fuerza de Ella 2;Mujer;General;Cálido;naranja, rosa;Vertical;Dormitorio;Moderno;Calma;Equilibrado;Ilustrativa
2430;Paso Sigiloso;Animales;Felinos;Blanco y Negro;verde, plateado;Horizontal;Infantil/Juvenil;Moderno;Fuerza;Protagonista;Ilustrativa
2431;Rostro en Flor;Mujer;General;Vibrante;naranja, amarillo;Horizontal;Dormitorio;Boho;Inspiración;Protagonista;Collage/Mixta
2432;El Espíritu del Bosque Salvaje;Animales;Osos;Frío;plateado, marrón;Horizontal;Living;Clásico;Armonía;Protagonista;Pictórica
2433;Poder Ancestral del Bosque;Animales;Osos;Cálido;marrón, verde;Horizontal;Living;Clásico;Armonía;Protagonista;Pictórica
2434;Sigilo entre los Árboles;Animales;Ciervo;Neutro;verde, marrón;Horizontal;Infantil/Juvenil;Nórdico;Armonía;Equilibrado;Pictórica
2435;Luz de Margarita;Botanica;Flores;Pastel;blanco, amarillo;Horizontal;Cocina;Nórdico;Alegría;Equilibrado;Fotográfica
2436;Legado del Origen;Mujer;Rostros étnicos;Cálido;naranja, marrón;Vertical;Hall de Entrada;Boho;Fuerza;Protagonista;Collage/Mixta
2437;El Espíritu Equino;Animales;Caballos;Vibrante;naranja, amarillo;Vertical;Hall de Entrada;Clásico;Fuerza;Protagonista;Ilustrativa
2438;Costa Dorada;Paisajes;Playa;Frío;azul, dorado;Horizontal;Living;Elegante;Calma;Equilibrado;Abstracta
2440;La Belleza del Silencio 3;Mujer;General;Vibrante;naranja, amarillo;Horizontal;Dormitorio;Boho;Inspiración;Protagonista;Ilustrativa
2441;Geometría Serena;Mujer;General;Cálido;naranja, marrón;Horizontal;Living;Moderno;Misterio;Protagonista;Ilustrativa
2442;Alma de Mujer 2;Mujer;General;Neutro;plateado, gris;Horizontal;Infantil/Juvenil;Moderno;Alegría;Protagonista;Ilustrativa
2443;Voz del Bosque Profundo;Animales;Osos;Cálido;amarillo, marrón;Horizontal;Living;Moderno;Fuerza;Protagonista;Collage/Mixta
2444;El Origen de la Forma;Abstracto;General;Metálico;gris, plateado;Vertical;Oficina;Minimalista;Calma;Equilibrado;Abstracta
2445;Movimiento Puro;Abstracto;General;Neutro;beige, plateado;Vertical;Living;Elegante;Elegancia;Equilibrado;Abstracta
2446;Belleza Atemporal;Mujer;General;Neutro;beige, naranja;Horizontal;Living;Moderno;Energía;Protagonista;Collage/Mixta
2447;Guardián del Bosque;Animales;Osos;Cálido;naranja, marrón;Horizontal;Living;Moderno;Fuerza;Protagonista;Digital/3D
2448;Poesía de Pétalos;Botanica;Flores;Pastel;rosa, marrón;Vertical;Dormitorio;Clásico;Romanticismo;Protagonista;Fotográfica
2449;El Arte de Ser Ella;Mujer;General;Frío;azul, naranja;Horizontal;Living;Moderno;Energía;Protagonista;Pictórica
2450;Historia Viva;Mujer;Rostros étnicos;Frío;plateado, azul;Vertical;Hall de Entrada;Industrial;Misterio;Protagonista;Fotográfica
2451;Rocío sobre Margarita;Botanica;Flores;Neutro;blanco, amarillo;Horizontal;Dormitorio;Nórdico;Calma;Equilibrado;Fotográfica
2452;Memoria de Egipto;Paisajes;General;Cálido;dorado, beige;Horizontal;Living;Clásico;Inspiración;Protagonista;Fotográfica
2453;Vida Interior;Mujer;General;Frío;blanco, gris;Horizontal;Dormitorio;Boho;Inspiración;Protagonista;Pictórica
2454;Presencia Femenina;Mujer;General;Cálido;marrón, naranja;Horizontal;Living;Moderno;Misterio;Protagonista;Pictórica
2455;Luz Interior 2;Mujer;General;Vibrante;marrón, rosa;Vertical;Dormitorio;Boho;Romanticismo;Protagonista;Pictórica
2456;Ciudad en la Mirada;Mujer;General;Cálido;naranja, azul;Horizontal;Living;Moderno;Inspiración;Protagonista;Collage/Mixta
2457;Jardín Interior 2;Mujer;General;Frío;azul, amarillo;Horizontal;Hall de Entrada;Elegante;Misterio;Protagonista;Pictórica
2458;Selva Profunda;Paisajes;General;Tierra;verde, naranja;Horizontal;Living;Moderno;Misterio;Protagonista;Ilustrativa
2459;Ramillete Eterno;Botanica;Flores;Pastel;blanco, amarillo;Horizontal;Dormitorio;Nórdico;Calma;Suave;Pictórica
2460;Belleza en Flor;Botanica;Flores;Cálido;amarillo, marrón;Vertical;Cocina;Nórdico;Alegría;Equilibrado;Pictórica
2461;Selva de Acuarela;Paisajes;Bosque;Tierra;verde, amarillo;Horizontal;Living;Boho;Calma;Equilibrado;Pictórica
2462;Reina de la Tierra;Mujer;Rostros étnicos;Metálico;dorado, plateado;Vertical;Hall de Entrada;Elegante;Elegancia;Protagonista;Digital/3D
2463;Danza Floral;Botanica;Flores;Pastel;amarillo, blanco;Horizontal;Dormitorio;Nórdico;Calma;Suave;Pictórica
2464;Mirada de Invierno;Animales;Lobos;Frío;plateado, gris;Horizontal;Hall de Entrada;Moderno;Fuerza;Protagonista;Fotográfica
2465;El Lobo Solitario;Animales;Lobos;Frío;plateado, violeta;Horizontal;Infantil/Juvenil;Moderno;Misterio;Protagonista;Collage/Mixta
2466;Manada Salvaje;Animales;Lobos;Frío;plateado, violeta;Horizontal;Living;Moderno;Misterio;Protagonista;Collage/Mixta
2467;El Latido Urbano;Paisajes;Ciudades;Blanco y Negro;plateado, rojo;Horizontal;Oficina;Minimalista;Inspiración;Equilibrado;Ilustrativa
2468;Ciudad Serena;Mujer;General;Oscuro;gris, plateado;Vertical;Oficina;Industrial;Misterio;Protagonista;Collage/Mixta
2469;Amor de Ballena;Animales;Ballenas;Frío;negro, dorado;Vertical;Infantil/Juvenil;Nórdico;Alegría;Equilibrado;Ilustrativa
2470;Danza de Corazones;Animales;Ballenas;Metálico;azul, naranja;Vertical;Infantil/Juvenil;Boho;Alegría;Equilibrado;Pictórica
2471;Esencia Alpina 2;Paisajes;Bosque;Cálido;naranja, violeta;Horizontal;Living;Moderno;Inspiración;Protagonista;Pictórica
2472;Cumbres de Cristal;Paisajes;Montañas;Cálido;verde, amarillo;Horizontal;Living;Nórdico;Calma;Protagonista;Digital/3D
2473;Reserva Cervecera;Bodegas;General;Cálido;naranja, amarillo;Vertical;Comedor;Industrial;Alegría;Protagonista;Fotográfica
2474;Brindis Dorado 1;Bodegas;General;Frío;verde, naranja;Vertical;Comedor;Industrial;Alegría;Protagonista;Fotográfica
2475;Cosecha de Lúpulo;Bodegas;General;Tierra;marrón, verde;Horizontal;Comedor;Industrial;Alegría;Protagonista;Fotográfica
2476;Luna sobre la Ciudad 2;Paisajes;Montañas;Oscuro;verde, violeta;Horizontal;Oficina;Moderno;Misterio;Protagonista;Ilustrativa
2477;Salto a la Mañana;Paisajes;General;Vibrante;dorado, naranja;Horizontal;Oficina;Moderno;Inspiración;Protagonista;Collage/Mixta
2478;La Fuerza Permanece;Paisajes;General;Frío;dorado, naranja;Vertical;Oficina;Industrial;Fuerza;Protagonista;Collage/Mixta
2479;Gloria ante el Obstáculo;Paisajes;General;Oscuro;dorado, naranja;Horizontal;Oficina;Moderno;Inspiración;Protagonista;Collage/Mixta
2480;Vértigo Urbano;Paisajes;Ciudades;Pastel;verde, violeta;Horizontal;Oficina;Moderno;Energía;Protagonista;Fotográfica
2481;Trono de la Selva;Animales;Felinos;Blanco y Negro;negro, plateado;Horizontal;Hall de Entrada;Minimalista;Fuerza;Protagonista;Digital/3D
2482;Mirada en la Sombra;Animales;Felinos;Blanco y Negro;negro, gris;Horizontal;Hall de Entrada;Minimalista;Misterio;Protagonista;Fotográfica
2483;El Momento es Ahora;Paisajes;General;Oscuro;dorado, marrón;Horizontal;Oficina;Moderno;Inspiración;Protagonista;Collage/Mixta
2484;Marte;Paisajes;General;Cálido;naranja, dorado;Horizontal;Infantil/Juvenil;Moderno;Misterio;Protagonista;Collage/Mixta
2485;Luna;Paisajes;General;Oscuro;plateado, naranja;Horizontal;Dormitorio;Moderno;Calma;Protagonista;Collage/Mixta
2486;Cascada de Colores;Paisajes;General;Vibrante;violeta, rosa;Horizontal;Living;Moderno;Energía;Protagonista;Pictórica
2487;Armonía en Blanco y Negro;Animales;Cebras;Pastel;rosa, plateado;Horizontal;Infantil/Juvenil;Moderno;Alegría;Equilibrado;Ilustrativa
2488;Labios de Color;Mujer;General;Vibrante;rojo, naranja;Horizontal;Dormitorio;Moderno;Energía;Protagonista;Digital/3D
2489;Espíritu Juguetón;Animales;Monos;Cálido;naranja, amarillo;Vertical;Infantil/Juvenil;Boho;Alegría;Protagonista;Collage/Mixta
2490;Beso de Acuarela;Mujer;General;Neutro;beige, marrón;Vertical;Dormitorio;Moderno;Energía;Protagonista;Pictórica
2491;El Paso del Tiempo;Animales;Tortugas;Pastel;azul, verde;Vertical;Infantil/Juvenil;Nórdico;Calma;Equilibrado;Pictórica
2492;Aroma de la Mañana;Tematico;Café;Neutro;blanco, marrón;Vertical;Cocina;Nórdico;Calma;Equilibrado;Fotográfica
2493;Elegancia Salvaje 2;Mujer;General;Metálico;plateado, amarillo;Horizontal;Infantil/Juvenil;Moderno;Energía;Protagonista;Ilustrativa
2494;Mirada Serena 1;Mujer;General;Oscuro;gris, plateado;Horizontal;Oficina;Industrial;Inspiración;Protagonista;Collage/Mixta
2495;La Fuerza Interior;Mujer;General;Oscuro;plateado, gris;Horizontal;Oficina;Industrial;Fuerza;Protagonista;Collage/Mixta
2496;Brillo Propio;Mujer;General;Frío;plateado, gris;Horizontal;Oficina;Industrial;Inspiración;Protagonista;Collage/Mixta
2497;Delicadeza Infinita;Mujer;General;Oscuro;plateado, gris;Horizontal;Oficina;Industrial;Fuerza;Protagonista;Collage/Mixta
2498;Viñedo Eterno;Bodegas;General;Cálido;violeta, rojo;Horizontal;Comedor;Clásico;Elegancia;Protagonista;Fotográfica
2499;El Gigante Sereno del Mar;Animales;Ballenas;Vibrante;azul, violeta;Vertical;Infantil/Juvenil;Moderno;Libertad;Protagonista;Ilustrativa
2500;Donde Guía el Corazón;Paisajes;Playa;Tierra;dorado, gris;Horizontal;Dormitorio;Nórdico;Inspiración;Equilibrado;Collage/Mixta
2501;Silencio Infinito;Paisajes;General;Cálido;naranja, marrón;Vertical;Living;Moderno;Calma;Protagonista;Ilustrativa
2502;Árbol de Luna;Botanica;Arboles;Oscuro;naranja, violeta;Horizontal;Living;Moderno;Misterio;Protagonista;Collage/Mixta
2503;Sueños entre Nubes;Animales;Osos;Pastel;rosa, dorado;Horizontal;Infantil/Juvenil;Nórdico;Alegría;Protagonista;Ilustrativa
2504;Órbita de Luz;Paisajes;General;Oscuro;verde, azul;Horizontal;Oficina;Moderno;Inspiración;Protagonista;Collage/Mixta
2505;Bosque de Luz;Paisajes;Bosque;Pastel;violeta, rosa;Horizontal;Living;Moderno;Misterio;Protagonista;Digital/3D
2506;Donde Nace el Silencio 2;Paisajes;Bosque;Cálido;verde, marrón;Horizontal;Living;Boho;Armonía;Protagonista;Pictórica
2507;El Arte del Caos;Abstracto;General;Frío;azul, marrón;Horizontal;Living;Elegante;Elegancia;Protagonista;Abstracta
2509;Cumbres al Ocaso;Paisajes;Montañas;Cálido;naranja, amarillo;Horizontal;Living;Boho;Inspiración;Protagonista;Pictórica
2510;Umbral de la Tierra;Paisajes;General;Oscuro;verde, marrón;Vertical;Oficina;Minimalista;Inspiración;Protagonista;Digital/3D
2511;Luna Encendida;Paisajes;Luna;Oscuro;verde, gris;Vertical;Living;Boho;Misterio;Protagonista;Pictórica
2512;Las Cuatro Estaciones;Paisajes;Arboles;Cálido;amarillo, verde;Horizontal;Living;Moderno;Armonía;Protagonista;Digital/3D
2513;Brindis de Amigos;Bodegas;General;Cálido;naranja, dorado;Horizontal;Comedor;Industrial;Alegría;Protagonista;Fotográfica
2514;Eco de las Profundidades;Animales;Ballenas;Vibrante;violeta, azul;Vertical;Infantil/Juvenil;Moderno;Energía;Protagonista;Digital/3D
2515;Introspección;Mujer;General;Pastel;blanco, naranja;Vertical;Dormitorio;Elegante;Elegancia;Protagonista;Pictórica
2516;Sinfonía Marina;Animales;Ballenas;Frío;azul, plateado;Horizontal;Infantil/Juvenil;Moderno;Inspiración;Protagonista;Digital/3D
2517;Tiempo de Malta;Bodegas;General;Frío;verde, naranja;Horizontal;Comedor;Industrial;Alegría;Protagonista;Fotográfica
2518;Degustación Dorada;Bodegas;General;Cálido;naranja, rojo;Horizontal;Comedor;Industrial;Alegría;Protagonista;Fotográfica
2519;El Enigma Milenario;Paisajes;Piramides;Oscuro;marrón, dorado;Horizontal;Living;Moderno;Misterio;Protagonista;Digital/3D
2520;Rutas del Mundo;Mapamundi;General;Frío;azul, verde;Horizontal;Oficina;Moderno;Inspiración;Protagonista;Ilustrativa
2521;Canto del Océano 1;Animales;Ballenas;Vibrante;azul, verde;Horizontal;Infantil/Juvenil;Moderno;Libertad;Protagonista;Digital/3D
2522;Valle de Niebla;Paisajes;Montañas;Cálido;verde, amarillo;Vertical;Living;Nórdico;Calma;Equilibrado;Pictórica
2523;Bosque al Ocaso;Paisajes;Bosque;Cálido;naranja, amarillo;Horizontal;Living;Moderno;Energía;Protagonista;Ilustrativa
2524;Majestad Marina;Animales;Ballenas;Oscuro;azul, negro;Horizontal;Living;Nórdico;Libertad;Protagonista;Fotográfica
2525;Cola entre Cumbres;Animales;Ballenas;Frío;azul, verde;Horizontal;Living;Nórdico;Libertad;Equilibrado;Fotográfica
2526;Último Salto;Animales;Ballenas;Oscuro;naranja, negro;Horizontal;Living;Nórdico;Libertad;Equilibrado;Fotográfica
2527;Felino Ancestral;Animales;Felinos;Vibrante;naranja, marrón;Horizontal;Living;Moderno;Fuerza;Protagonista;Pictórica
2528;Ciudades del Mundo;Paisajes;Ciudades;Vibrante;verde, violeta;Horizontal;Oficina;Moderno;Inspiración;Protagonista;Collage/Mixta
2529;Árbol de los Colores;Paisajes;Arboles;Vibrante;naranja, verde;Horizontal;Living;Moderno;Energía;Protagonista;Pictórica
2530;Encuentro en la Nieve;Animales;General;Frío;marrón, rojo;Horizontal;Infantil/Juvenil;Nórdico;Alegría;Protagonista;Ilustrativa
2531;Brindis de Medianoche;Mujer;General;Oscuro;negro, plateado;Vertical;Comedor;Elegante;Misterio;Protagonista;Fotográfica
2532;Canto Ancestral;Animales;Ballenas;Frío;azul, naranja;Horizontal;Infantil/Juvenil;Moderno;Energía;Protagonista;Digital/3D
2533;Vuelo Terrestre;Animales;Caballos;Metálico;plateado, gris;Horizontal;Living;Elegante;Libertad;Protagonista;Pictórica
2534;Temple;Hombre;General;Frío;plateado, gris;Horizontal;Oficina;Industrial;Fuerza;Protagonista;Collage/Mixta
2535;Poder Felino;Animales;Felinos;Oscuro;negro, verde;Horizontal;Hall de Entrada;Moderno;Misterio;Protagonista;Digital/3D
2536;Espuma Dorada;Bodegas;General;Frío;naranja, amarillo;Horizontal;Comedor;Industrial;Alegría;Protagonista;Fotográfica
2537;Labios de Fuego;Mujer;General;Vibrante;naranja, rojo;Horizontal;Dormitorio;Moderno;Energía;Protagonista;Digital/3D
2538;Beso de Color;Mujer;General;Vibrante;dorado, rojo;Horizontal;Dormitorio;Moderno;Energía;Protagonista;Digital/3D
2539;Sabor Cervecero;Mujer;General;Cálido;rojo, marrón;Horizontal;Comedor;Industrial;Alegría;Protagonista;Fotográfica
2540;Barricas de Malta;Mujer;General;Tierra;marrón, beige;Horizontal;Comedor;Industrial;Alegría;Protagonista;Fotográfica
2541;Reflejo del Rey;Animales;Felinos;Cálido;dorado, naranja;Vertical;Infantil/Juvenil;Moderno;Fuerza;Protagonista;Digital/3D
2542;Londres en Rojo;Paisajes;Ciudades;Blanco y Negro;rojo, violeta;Horizontal;Living;Industrial;Energía;Protagonista;Fotográfica
2543;Horizonte Urbano 1;Paisajes;Ciudades;Frío;azul, amarillo;Vertical;Oficina;Minimalista;Inspiración;Protagonista;Fotográfica
2544;Luna de Algodón;Paisajes;General;Pastel;verde, violeta;Horizontal;Infantil/Juvenil;Moderno;Calma;Equilibrado;Ilustrativa
2545;Vigilia Lunar;Paisajes;Luna;Oscuro;verde, azul;Horizontal;Dormitorio;Moderno;Misterio;Protagonista;Digital/3D
2546;Halo de Plata;Paisajes;Luna;Oscuro;azul, violeta;Horizontal;Dormitorio;Minimalista;Calma;Equilibrado;Digital/3D
2547;Creciente entre Nubes 2;Paisajes;Luna;Pastel;azul, plateado;Horizontal;Infantil/Juvenil;Moderno;Calma;Equilibrado;Digital/3D
2548;Creciente Rosada 2;Paisajes;Luna;Pastel;rosa, violeta;Horizontal;Infantil/Juvenil;Moderno;Calma;Equilibrado;Digital/3D
2549;Salto al Atardecer 1;Animales;Ballenas;Blanco y Negro;azul, negro;Horizontal;Living;Moderno;Fuerza;Protagonista;Digital/3D
2550;El Espíritu del Océano;Animales;Ballenas;Frío;azul, verde;Horizontal;Living;Moderno;Libertad;Protagonista;Digital/3D
2551;Silencio Milenario;Paisajes;Piramides;Cálido;beige, rojo;Horizontal;Living;Clásico;Inspiración;Protagonista;Digital/3D
2552;Serenidad Abisal;Animales;Ballenas;Vibrante;naranja, violeta;Horizontal;Infantil/Juvenil;Moderno;Energía;Protagonista;Ilustrativa
2553;Coloso Marino;Animales;Ballenas;Pastel;verde, azul;Horizontal;Living;Nórdico;Libertad;Protagonista;Fotográfica
2554;Azul Infinito;Animales;Ballenas;Frío;azul, violeta;Horizontal;Infantil/Juvenil;Minimalista;Calma;Equilibrado;Digital/3D
2555;Cordillera Pastel;Paisajes;Montañas;Tierra;beige, gris;Horizontal;Living;Minimalista;Calma;Suave;Collage/Mixta
2556;Reflejo del Horizonte;Paisajes;General;Oscuro;gris, plateado;Horizontal;Living;Industrial;Calma;Equilibrado;Fotográfica
2557;Vida Urbana;Paisajes;Ciudades;Vibrante;rojo, blanco;Horizontal;Living;Industrial;Energía;Protagonista;Fotográfica
2558;Mujer de Luz;Mujer;General;Cálido;amarillo, naranja;Horizontal;Living;Moderno;Inspiración;Protagonista;Pictórica
2559;Esencia Radiante;Mujer;General;Cálido;amarillo, naranja;Horizontal;Dormitorio;Boho;Libertad;Protagonista;Pictórica
2560;Vestida de Luz;Mujer;General;Metálico;amarillo, dorado;Horizontal;Dormitorio;Elegante;Inspiración;Protagonista;Pictórica
2561;Danza de Mariposas;Mujer;General;Metálico;amarillo, dorado;Horizontal;Dormitorio;Elegante;Elegancia;Protagonista;Pictórica
2562;Entre Girasoles;Mujer;General;Cálido;amarillo, naranja;Horizontal;Dormitorio;Boho;Libertad;Protagonista;Pictórica
2563;Encanto Sereno;Mujer;General;Cálido;amarillo, dorado;Horizontal;Living;Clásico;Libertad;Protagonista;Pictórica
2564;Guardiana de la Luna;Mujer;General;Pastel;azul, blanco;Vertical;Infantil/Juvenil;Nórdico;Calma;Suave;Ilustrativa
2565;Océano en Peligro;Animales;Ballenas;Frío;azul, plateado;Horizontal;Oficina;Moderno;Inspiración;Protagonista;Collage/Mixta
2566;Cielo de Verano;Paisajes;Playa;Frío;beige, blanco;Vertical;Dormitorio;Nórdico;Calma;Suave;Fotográfica
2567;Susurros del Bosque;Paisajes;Bosque;Cálido;naranja, rojo;Horizontal;Living;Clásico;Calma;Protagonista;Pictórica
2568;Silencio Profundo;Animales;Ballenas;Pastel;rosa, azul;Vertical;Dormitorio;Boho;Armonía;Protagonista;Digital/3D
2569;Guardiana del Abismo;Animales;Ballenas;Frío;azul, verde;Vertical;Infantil/Juvenil;Boho;Inspiración;Protagonista;Pictórica
2570;Lago entre Cumbres 1;Paisajes;Montañas;Frío;plateado, gris;Horizontal;Living;Moderno;Calma;Equilibrado;Ilustrativa
2571;Bosque Eterno 1;Paisajes;Montañas;Cálido;naranja, verde;Horizontal;Living;Clásico;Calma;Protagonista;Digital/3D
2572;Serenidad Antigua;Animales;Tortugas;Vibrante;naranja, marrón;Vertical;Infantil/Juvenil;Boho;Calma;Equilibrado;Ilustrativa
2573;Latido Oceánico;Animales;Ballenas;Frío;violeta, plateado;Vertical;Infantil/Juvenil;Moderno;Misterio;Protagonista;Digital/3D
2574;Brindis Dorado 2;Bodegas;General;Frío;amarillo, blanco;Horizontal;Comedor;Industrial;Alegría;Protagonista;Fotográfica
2575;Bosque de Dos Mundos;Paisajes;Bosque;Cálido;violeta, naranja;Horizontal;Living;Moderno;Armonía;Protagonista;Digital/3D
2576;Ecos de la Sierra;Paisajes;Montañas;Cálido;verde, naranja;Horizontal;Living;Moderno;Inspiración;Protagonista;Digital/3D
2577;Misterio Ancestral;Paisajes;Piramides;Cálido;naranja, rojo;Horizontal;Living;Clásico;Inspiración;Protagonista;Digital/3D
2578;Ritmo Citadino;Paisajes;Ciudades;Cálido;violeta, azul;Horizontal;Living;Clásico;Elegancia;Protagonista;Fotográfica
2579;Marea Eterna;Paisajes;Playa;Pastel;azul, verde;Horizontal;Living;Boho;Calma;Equilibrado;Ilustrativa
2580;Río de Invierno;Paisajes;General;Frío;verde, marrón;Vertical;Living;Clásico;Calma;Protagonista;Pictórica
2581;Tierra de Gigantes 2;Paisajes;Bosque;Frío;verde, azul;Horizontal;Living;Clásico;Calma;Equilibrado;Pictórica
2582;Villa de Invierno;Paisajes;Ciudades;Frío;gris, naranja;Horizontal;Infantil/Juvenil;Nórdico;Alegría;Protagonista;Ilustrativa
2583;El Pulso de la Metrópolis;Paisajes;Ciudades;Pastel;verde, plateado;Horizontal;Oficina;Moderno;Energía;Protagonista;Fotográfica
2585;Hojas de Otoño 3;Botanica;Hojas;Cálido;beige, marrón;Horizontal;Living;Nórdico;Calma;Equilibrado;Ilustrativa
2586;Ciervos del Bosque Esmeralda;Paisajes;Bosque;Frío;azul, gris;Horizontal;Living;Elegante;Misterio;Protagonista;Ilustrativa
2587;Metamorfosis;Animales;Mariposas;Vibrante;verde, marrón;Horizontal;Living;Boho;Armonía;Protagonista;Ilustrativa
2588;Silencio del Desierto;Mujer;General;Tierra;blanco, naranja;Vertical;Dormitorio;Minimalista;Calma;Equilibrado;Digital/3D
2589;Mármol Rosado;Abstracto;General;Pastel;plateado, rosa;Horizontal;Living;Elegante;Elegancia;Protagonista;Abstracta
2590;Caminante del Amanecer;Paisajes;Bosque;Cálido;verde, amarillo;Vertical;Living;Moderno;Inspiración;Protagonista;Fotográfica
2591;Naturaleza Infinita 3;Paisajes;Bosque;Cálido;amarillo, verde;Horizontal;Living;Clásico;Calma;Equilibrado;Pictórica
2592;Elegancia Rayada;Animales;Cebras;Vibrante;plateado, violeta;Horizontal;Infantil/Juvenil;Boho;Alegría;Protagonista;Pictórica
2593;Equilibrio Interior;Budismo;General;Frío;azul, dorado;Horizontal;Hall de Entrada;Elegante;Calma;Protagonista;Pictórica
2595;Arena Blanca;Paisajes;Playa;Pastel;azul, violeta;Vertical;Dormitorio;Nórdico;Calma;Suave;Pictórica
2596;La Mirada Salvaje;Animales;Felinos;Vibrante;naranja, verde;Vertical;Hall de Entrada;Moderno;Fuerza;Protagonista;Pictórica
2597;Grandeza Milenaria;Paisajes;Piramides;Cálido;naranja, dorado;Horizontal;Living;Moderno;Energía;Protagonista;Ilustrativa
2598;Planeta Azul 1;Paisajes;General;Frío;azul, verde;Horizontal;Oficina;Moderno;Inspiración;Protagonista;Digital/3D
2599;Fragmento del Horizonte;Paisajes;General;Oscuro;verde, azul;Horizontal;Oficina;Moderno;Inspiración;Protagonista;Digital/3D
2601;Ventana al Mundo;Paisajes;Ciudades;Cálido;naranja, amarillo;Horizontal;Oficina;Moderno;Inspiración;Protagonista;Ilustrativa
2602;Gigante del Océano;Animales;Ballenas;Frío;azul, dorado;Vertical;Living;Elegante;Misterio;Protagonista;Digital/3D
2603;Luces de Brooklyn;Paisajes;Ciudades;Blanco y Negro;gris, plateado;Horizontal;Living;Industrial;Misterio;Protagonista;Fotográfica
2604;Puente hacia Manhattan;Paisajes;Ciudades;Blanco y Negro;plateado, gris;Horizontal;Living;Industrial;Fuerza;Protagonista;Fotográfica
2605;Luces sobre Brooklyn;Paisajes;Ciudades;Blanco y Negro;plateado, gris;Horizontal;Living;Industrial;Misterio;Protagonista;Fotográfica
2606;Invierno bajo el Puente de Manhattan;Paisajes;Ciudades;Blanco y Negro;gris, plateado;Vertical;Living;Industrial;Misterio;Protagonista;Fotográfica
2607;Pasarela del Silencio;Paisajes;Ciudades;Blanco y Negro;gris, plateado;Horizontal;Living;Industrial;Calma;Equilibrado;Fotográfica
2608;Bajo el Puente de Brooklyn;Paisajes;Ciudades;Blanco y Negro;plateado, gris;Horizontal;Living;Industrial;Fuerza;Protagonista;Fotográfica
2609;Ciudad Iluminada;Paisajes;Ciudades;Metálico;amarillo, plateado;Horizontal;Living;Industrial;Misterio;Protagonista;Fotográfica
2610;Puente de Luz;Paisajes;Ciudades;Metálico;plateado, amarillo;Horizontal;Living;Industrial;Misterio;Protagonista;Fotográfica
2611;Mundos de Papel;Tematico;Libros;Pastel;marrón, gris;Horizontal;Oficina;Nórdico;Inspiración;Equilibrado;Pictórica
2612;Cascada Esmeralda 2;Paisajes;General;Frío;verde, amarillo;Vertical;Living;Nórdico;Calma;Protagonista;Fotográfica
2613;Horizonte Planetario;Paisajes;General;Tierra;verde, violeta;Horizontal;Oficina;Moderno;Inspiración;Protagonista;Digital/3D
2614;Ventana Infinita;Paisajes;General;Tierra;verde, violeta;Horizontal;Oficina;Moderno;Inspiración;Protagonista;Digital/3D
2615;Mirada Ancestral;Animales;Monos;Oscuro;plateado, negro;Vertical;Hall de Entrada;Moderno;Fuerza;Protagonista;Fotográfica
2616;Gigante Sereno;Animales;Elefantes;Tierra;plateado, dorado;Vertical;Hall de Entrada;Moderno;Fuerza;Protagonista;Fotográfica
2617;Espíritu Femenino;Mujer;General;Oscuro;plateado, gris;Horizontal;Oficina;Industrial;Inspiración;Protagonista;Collage/Mixta
2618;Nobleza Elevada;Animales;Jirafas;Vibrante;naranja, marrón;Horizontal;Infantil/Juvenil;Boho;Alegría;Protagonista;Pictórica
2619;Postal Eterna;Paisajes;General;Pastel;verde, violeta;Horizontal;Living;Moderno;Energía;Protagonista;Fotográfica
2620;Rincón Sereno;Paisajes;General;Vibrante;rojo, naranja;Horizontal;Living;Clásico;Calma;Protagonista;Fotográfica
2621;Cascada de Otoño;Paisajes;General;Frío;violeta, verde;Horizontal;Living;Moderno;Misterio;Protagonista;Fotográfica
2622;Danza de Alas;Animales;Mariposas;Pastel;violeta, azul;Horizontal;Infantil/Juvenil;Boho;Alegría;Equilibrado;Pictórica
2623;Vista Eterna;Paisajes;General;Oscuro;violeta, naranja;Horizontal;Living;Moderno;Inspiración;Protagonista;Fotográfica
2624;Sol Radiante;Paisajes;General;Frío;naranja, dorado;Horizontal;Infantil/Juvenil;Moderno;Inspiración;Protagonista;Ilustrativa
2625;Esencia Solar;Paisajes;General;Oscuro;naranja, dorado;Horizontal;Infantil/Juvenil;Moderno;Inspiración;Protagonista;Ilustrativa
2626;Silencio del Horizonte;Paisajes;General;Oscuro;azul, naranja;Horizontal;Oficina;Moderno;Inspiración;Protagonista;Digital/3D
2627;Eclipse Planetario;Paisajes;General;Oscuro;naranja, amarillo;Horizontal;Oficina;Moderno;Misterio;Protagonista;Digital/3D
2628;Longevidad Serena;Animales;Tortugas;Vibrante;azul, naranja;Horizontal;Infantil/Juvenil;Nórdico;Calma;Protagonista;Fotográfica
2629;Sonrisa de Éxito;Paisajes;General;Oscuro;dorado, violeta;Horizontal;Oficina;Industrial;Inspiración;Protagonista;Ilustrativa
2630;El Alma Rayada;Animales;Cebras;Cálido;marrón, naranja;Horizontal;Living;Moderno;Fuerza;Protagonista;Ilustrativa
2631;El Espíritu Abisal;Animales;Ballenas;Cálido;rojo, naranja;Vertical;Infantil/Juvenil;Moderno;Misterio;Protagonista;Digital/3D
2632;Templanza Eterna;Animales;Tortugas;Neutro;verde, marrón;Vertical;Infantil/Juvenil;Nórdico;Alegría;Equilibrado;Pictórica
2633;Alma del Océano Profundo;Animales;Ballenas;Pastel;plateado, azul;Vertical;Infantil/Juvenil;Boho;Alegría;Protagonista;Digital/3D
2634;Bosque en la Ballena;Animales;Ballenas;Frío;plateado, gris;Vertical;Living;Boho;Armonía;Protagonista;Collage/Mixta
2635;Ritual Cervecero;Bodegas;General;Cálido;dorado, marrón;Horizontal;Comedor;Industrial;Alegría;Protagonista;Fotográfica
2636;Planeta Azul 2;Paisajes;General;Oscuro;violeta, verde;Horizontal;Oficina;Moderno;Inspiración;Protagonista;Ilustrativa
2637;Tigre Geométrico;Animales;Felinos;Vibrante;naranja, verde;Vertical;Hall de Entrada;Moderno;Fuerza;Protagonista;Ilustrativa
2638;Mirada de Fuego;Animales;Felinos;Frío;naranja, plateado;Horizontal;Hall de Entrada;Industrial;Fuerza;Protagonista;Pictórica
2639;Sabiduría Ancestral;Botanica;Arboles;Cálido;naranja, amarillo;Horizontal;Living;Nórdico;Calma;Protagonista;Fotográfica
2640;Árbol de las Estaciones;Botanica;Arboles;Vibrante;naranja, marrón;Horizontal;Living;Moderno;Armonía;Protagonista;Ilustrativa
2641;Postal Urbana;Paisajes;Ciudades;Vibrante;marrón, verde;Horizontal;Oficina;Moderno;Inspiración;Protagonista;Collage/Mixta
2642;Elegancia Silenciosa;Animales;Gatos;Blanco y Negro;negro, azul;Horizontal;Infantil/Juvenil;Industrial;Misterio;Protagonista;Ilustrativa
2644;Calma Ancestral;Animales;Tortugas;Vibrante;verde, azul;Horizontal;Infantil/Juvenil;Nórdico;Calma;Equilibrado;Fotográfica
2645;Tiempo sin Prisa;Animales;Tortugas;Pastel;verde, azul;Vertical;Infantil/Juvenil;Nórdico;Alegría;Suave;Pictórica
2646;Travesía Marina;Animales;Tortugas;Vibrante;naranja, verde;Horizontal;Infantil/Juvenil;Nórdico;Libertad;Protagonista;Fotográfica
2647;Amigos Inseparables;Animales;Perros;Vibrante;amarillo, naranja;Vertical;Infantil/Juvenil;Moderno;Alegría;Protagonista;Fotográfica
2648;Vida Bajo el Mar;Animales;Tortugas;Pastel;rosa, azul;Vertical;Infantil/Juvenil;Boho;Alegría;Equilibrado;Ilustrativa
2649;Amanecer Floral;Paisajes;Flores;Pastel;amarillo, blanco;Horizontal;Living;Nórdico;Calma;Equilibrado;Ilustrativa
2650;Primavera Dorada;Paisajes;Flores;Pastel;amarillo, blanco;Vertical;Dormitorio;Nórdico;Calma;Equilibrado;Ilustrativa
2651;Cosecha Cervecera;Bodegas;General;Cálido;naranja, amarillo;Horizontal;Comedor;Industrial;Alegría;Protagonista;Fotográfica
2652;Raíces Cerveceras;Bodegas;General;Cálido;verde, dorado;Horizontal;Comedor;Industrial;Alegría;Protagonista;Digital/3D
2653;Sabor a Tradición;Bodegas;General;Frío;dorado, amarillo;Horizontal;Comedor;Moderno;Misterio;Protagonista;Digital/3D
2654;Fuego Solar;Paisajes;General;Cálido;naranja, amarillo;Horizontal;Infantil/Juvenil;Moderno;Energía;Protagonista;Digital/3D
2655;Sal en el Viento;Paisajes;Playa;Cálido;naranja, amarillo;Horizontal;Living;Nórdico;Calma;Equilibrado;Fotográfica
2656;Ecos del Desierto;Paisajes;Piramides;Oscuro;marrón, dorado;Horizontal;Living;Moderno;Misterio;Protagonista;Digital/3D
2657;Montañas del Alba;Paisajes;Montañas;Frío;azul, naranja;Vertical;Living;Moderno;Energía;Protagonista;Fotográfica
2658;Sauce en Silencio;Paisajes;General;Oscuro;gris, plateado;Horizontal;Living;Minimalista;Calma;Suave;Fotográfica
2659;Vasto Silencio;Paisajes;General;Blanco y Negro;gris, plateado;Horizontal;Living;Industrial;Calma;Equilibrado;Fotográfica
2660;Lago de Otoño 1;Paisajes;General;Oscuro;amarillo, gris;Horizontal;Living;Clásico;Calma;Equilibrado;Fotográfica
2661;Puente de Brooklyn;Paisajes;General;Blanco y Negro;plateado, gris;Horizontal;Living;Industrial;Misterio;Protagonista;Fotográfica
2662;Cabina de Londres;Paisajes;General;Blanco y Negro;gris, negro;Vertical;Living;Industrial;Energía;Protagonista;Fotográfica
2663;Primavera en Washington;Paisajes;General;Cálido;rosa, amarillo;Vertical;Living;Clásico;Armonía;Protagonista;Fotográfica
2664;Explosión Tropical;Animales;Tucan;Vibrante;azul, verde;Horizontal;Infantil/Juvenil;Boho;Alegría;Protagonista;Pictórica
2665;Sendero de Arena;Paisajes;Playa;Pastel;azul, blanco;Vertical;Dormitorio;Minimalista;Calma;Suave;Pictórica
2666;Escudo del Tiempo;Animales;Tortugas;Vibrante;azul, naranja;Vertical;Infantil/Juvenil;Boho;Libertad;Protagonista;Pictórica
2667;El Libro de la Naturaleza;Paisajes;General;Frío;gris, verde;Vertical;Infantil/Juvenil;Boho;Inspiración;Protagonista;Pictórica
2668;Melodía Oceánica;Animales;Ballenas;Frío;azul, gris;Horizontal;Infantil/Juvenil;Boho;Calma;Equilibrado;Pictórica
2669;Ballena Ancestral;Animales;Ballenas;Pastel;gris, plateado;Horizontal;Infantil/Juvenil;Nórdico;Calma;Equilibrado;Ilustrativa
2670;Titán Marino;Animales;Ballenas;Oscuro;plateado, negro;Horizontal;Living;Minimalista;Misterio;Protagonista;Digital/3D
2671;Danza Marina;Animales;Ballenas;Blanco y Negro;plateado, gris;Vertical;Living;Clásico;Calma;Equilibrado;Ilustrativa
2672;Grandeza Marina;Animales;Ballenas;Frío;azul, naranja;Horizontal;Living;Moderno;Energía;Protagonista;Pictórica
2673;Sinfonía del Mar Profundo;Animales;Ballenas;Vibrante;azul, naranja;Vertical;Living;Moderno;Libertad;Protagonista;Fotográfica
2674;Reina de las Profundidades;Animales;Ballenas;Oscuro;azul, violeta;Vertical;Living;Minimalista;Misterio;Protagonista;Ilustrativa
2675;Entre Raíces y Cielo;Botanica;Arboles;Cálido;naranja, amarillo;Horizontal;Living;Moderno;Inspiración;Protagonista;Digital/3D
2676;El Alma de la Metrópolis;Paisajes;Ciudades;Cálido;violeta, naranja;Horizontal;Living;Elegante;Romanticismo;Protagonista;Fotográfica
2677;Vértigo de Concreto;Paisajes;Ciudades;Vibrante;amarillo, violeta;Horizontal;Living;Industrial;Energía;Protagonista;Fotográfica
2678;Oración en Getsemaní;Cristianismo;General;Oscuro;verde, violeta;Horizontal;Dormitorio;Clásico;Calma;Protagonista;Pictórica
2679;Un Mundo por Recorrer;Mapamundi;General;Tierra;dorado, amarillo;Horizontal;Oficina;Clásico;Inspiración;Protagonista;Collage/Mixta
2680;El Buen Pastor;Cristianismo;General;Tierra;beige, amarillo;Horizontal;Dormitorio;Clásico;Calma;Protagonista;Pictórica
2681;Ruta 66 1;Paisajes;General;Oscuro;verde, plateado;Horizontal;Living;Industrial;Libertad;Protagonista;Digital/3D
2682;París al Atardecer;Paisajes;Ciudades;Cálido;violeta, naranja;Horizontal;Living;Elegante;Romanticismo;Protagonista;Fotográfica
2684;Dioses de Egipto;Paisajes;Piramides;Vibrante;naranja, dorado;Horizontal;Living;Clásico;Inspiración;Protagonista;Ilustrativa
2685;Vocación de Justicia;Tematico;Abogados;Neutro;violeta, naranja;Horizontal;Oficina;Clásico;Elegancia;Protagonista;Fotográfica
2686;Pincelada de Fuerza;Mujer;Frida Khalo;Cálido;naranja, rojo;Horizontal;Hall de Entrada;Moderno;Fuerza;Protagonista;Ilustrativa
2687;Flores en el Cabello;Mujer;Frida Khalo;Vibrante;verde, dorado;Horizontal;Hall de Entrada;Boho;Inspiración;Protagonista;Fotográfica
2688;Raíces y Rebeldía;Mujer;Frida Khalo;Vibrante;dorado, rosa;Vertical;Hall de Entrada;Boho;Inspiración;Protagonista;Pictórica
2689;Autenticidad sin Filtro;Mujer;Frida Khalo;Vibrante;amarillo, verde;Vertical;Hall de Entrada;Moderno;Energía;Protagonista;Pictórica
2690;Alma Pintada;Mujer;Frida Khalo;Cálido;rojo, marrón;Vertical;Hall de Entrada;Clásico;Elegancia;Protagonista;Fotográfica
2691;Jardín Tropical 2;Botanica;Flores;Vibrante;naranja, amarillo;Horizontal;Living;Moderno;Alegría;Protagonista;Ilustrativa
2692;Pasión y Color;Mujer;Frida Khalo;Vibrante;amarillo, dorado;Vertical;Hall de Entrada;Boho;Inspiración;Protagonista;Collage/Mixta
2693;Torre de París;Paisajes;Ciudades;Tierra;verde, plateado;Horizontal;Living;Clásico;Inspiración;Protagonista;Fotográfica
2694;Rey de Reyes;Cristianismo;General;Blanco y Negro;blanco, dorado;Horizontal;Dormitorio;Moderno;Romanticismo;Protagonista;Ilustrativa
2695;Huellas del Viajero;Mapamundi;General;Cálido;naranja, marrón;Horizontal;Oficina;Clásico;Inspiración;Protagonista;Collage/Mixta
2696;Trabaja Duro, Sueña en Grande;Tematico;General;Vibrante;violeta, dorado;Horizontal;Oficina;Moderno;Inspiración;Protagonista;Ilustrativa
2697;Fronteras Invisibles;Mapamundi;General;Tierra;marrón, naranja;Horizontal;Oficina;Clásico;Inspiración;Protagonista;Fotográfica
2698;Dioses del Nilo;Mapamundi;Piramides;Neutro;dorado, amarillo;Horizontal;Living;Clásico;Inspiración;Protagonista;Ilustrativa
2699;Identidad Propia;Mujer;Frida Khalo;Cálido;rosa, violeta;Horizontal;Hall de Entrada;Boho;Libertad;Protagonista;Pictórica
2700;Sombras del Mundo;Mapamundi;General;Tierra;negro, blanco;Horizontal;Oficina;Moderno;Fuerza;Protagonista;Ilustrativa
2701;La Esencia de Ella;Mujer;General;Vibrante;violeta, amarillo;Horizontal;Living;Moderno;Energía;Protagonista;Fotográfica
2702;Frente al Universo;Tematico;General;Oscuro;verde, amarillo;Horizontal;Infantil/Juvenil;Moderno;Inspiración;Protagonista;Ilustrativa
2703;Guerrero de Sombras;Tematico;General;Oscuro;gris, plateado;Horizontal;Infantil/Juvenil;Moderno;Energía;Protagonista;Ilustrativa
2704;Ritual de Calma;Botanica;Flores;Blanco y Negro;verde, blanco;Horizontal;Baño;Nórdico;Calma;Equilibrado;Fotográfica
2705;Glamour Atemporal;Mujer;Marilyn;Cálido;naranja, rojo;Horizontal;Dormitorio;Elegante;Elegancia;Protagonista;Fotográfica
2706;Camino del Explorador;Mapamundi;General;Cálido;marrón, dorado;Horizontal;Oficina;Clásico;Inspiración;Protagonista;Ilustrativa
2707;Color y Dolor;Mujer;Frida Khalo;Vibrante;rosa, dorado;Vertical;Hall de Entrada;Boho;Misterio;Protagonista;Collage/Mixta
2708;Brillo de Hollywood;Mujer;Marilyn;Pastel;rosa, blanco;Horizontal;Dormitorio;Moderno;Elegancia;Protagonista;Ilustrativa
2709;Navegante del Mar;Paisajes;Playa;Frío;azul, plateado;Horizontal;Living;Clásico;Libertad;Protagonista;Digital/3D
2710;Vela al Atardecer;Paisajes;Playa;Cálido;amarillo, marrón;Horizontal;Living;Moderno;Libertad;Protagonista;Fotográfica
2711;Velero de Época;Paisajes;General;Frío;marrón, azul;Horizontal;Living;Clásico;Libertad;Protagonista;Fotográfica
2712;Cataratas del Iguazú;Paisajes;General;Frío;verde, plateado;Horizontal;Living;Moderno;Fuerza;Protagonista;Fotográfica
2713;Altura Serena;Animales;Jirafas;Vibrante;verde, dorado;Horizontal;Infantil/Juvenil;Moderno;Alegría;Protagonista;Collage/Mixta
2714;Revolución Musical;Musical;The Beatles;Vibrante;amarillo, verde;Horizontal;Living;Moderno;Alegría;Protagonista;Collage/Mixta
2715;Leyenda de Liverpool;Musical;The Beatles;Vibrante;verde, violeta;Horizontal;Living;Moderno;Energía;Protagonista;Ilustrativa
2716;Pétalos en Vuelo;Botanica;Flores;Frío;violeta, rosa;Horizontal;Dormitorio;Moderno;Romanticismo;Protagonista;Fotográfica
2717;Brote Eterno;Botanica;Flores;Pastel;violeta, azul;Horizontal;Dormitorio;Nórdico;Calma;Suave;Fotográfica
2718;Belleza Fugaz;Botanica;Flores;Vibrante;violeta, amarillo;Horizontal;Dormitorio;Elegante;Romanticismo;Protagonista;Fotográfica
2719;Caminito de Colores;Paisajes;Ciudades;Cálido;naranja, verde;Horizontal;Living;Boho;Alegría;Protagonista;Fotográfica
2720;Instante de Belleza;Botanica;Flores;Cálido;naranja, rojo;Horizontal;Living;Clásico;Energía;Protagonista;Fotográfica
2721;Fragancia Serena;Botanica;Flores;Cálido;rojo, naranja;Horizontal;Living;Boho;Energía;Protagonista;Fotográfica
2722;Susurro Floral;Botanica;Flores;Frío;violeta, azul;Horizontal;Living;Moderno;Misterio;Protagonista;Digital/3D
2723;Amapola Encendida;Botanica;Flores;Cálido;rojo, rosa;Horizontal;Living;Clásico;Energía;Protagonista;Fotográfica
2724;Flor de Luz;Botanica;Flores;Vibrante;violeta, rosa;Horizontal;Dormitorio;Moderno;Romanticismo;Protagonista;Fotográfica
2725;Lectura entre Olas;Paisajes;Playa;Frío;azul, amarillo;Horizontal;Infantil/Juvenil;Moderno;Inspiración;Protagonista;Digital/3D
2726;Fragancia de Jardín;Botanica;Flores;Vibrante;rojo, rosa;Horizontal;Dormitorio;Clásico;Romanticismo;Protagonista;Fotográfica
2727;Rincón de Pétalos;Botanica;Flores;Pastel;violeta, naranja;Horizontal;Dormitorio;Nórdico;Calma;Equilibrado;Fotográfica
2728;Color Silvestre;Botanica;Flores;Cálido;rojo, naranja;Horizontal;Living;Minimalista;Energía;Protagonista;Fotográfica
2729;Brote de Primavera;Botanica;Flores;Cálido;rojo, naranja;Horizontal;Living;Moderno;Energía;Protagonista;Fotográfica
2730;Aroma de Ensueño;Botanica;Flores;Vibrante;violeta, rosa;Horizontal;Dormitorio;Moderno;Energía;Protagonista;Fotográfica
2731;Jardín Perfumado;Botanica;Flores;Cálido;amarillo, naranja;Horizontal;Living;Minimalista;Alegría;Protagonista;Fotográfica
2732;Esencia Floreada;Botanica;Flores;Cálido;rojo, naranja;Horizontal;Living;Industrial;Misterio;Protagonista;Fotográfica
2733;Marea Azul;Paisajes;Playa;Cálido;amarillo, naranja;Horizontal;Living;Moderno;Libertad;Protagonista;Fotográfica
2734;Costa de Sal;Paisajes;Playa;Vibrante;azul, amarillo;Horizontal;Living;Nórdico;Calma;Protagonista;Fotográfica
2735;Espuma Serena;Paisajes;Playa;Pastel;violeta, naranja;Horizontal;Living;Nórdico;Calma;Equilibrado;Fotográfica
2736;Mundo Antiguo;Mapamundi;General;Tierra;marrón, verde;Horizontal;Oficina;Clásico;Inspiración;Protagonista;Fotográfica
2737;Verano Sereno;Paisajes;Playa;Pastel;azul, naranja;Horizontal;Living;Nórdico;Calma;Equilibrado;Fotográfica
2738;Navegar al Ocaso;Paisajes;Playa;Cálido;naranja, violeta;Horizontal;Living;Minimalista;Calma;Equilibrado;Fotográfica
2739;Espuma al Viento;Paisajes;Playa;Cálido;naranja, violeta;Horizontal;Living;Nórdico;Calma;Protagonista;Fotográfica
2740;Ruta 66 2;Paisajes;General;Tierra;naranja, amarillo;Horizontal;Living;Industrial;Libertad;Protagonista;Fotográfica
2741;Corcel de Libertad;Animales;Caballos;Blanco y Negro;plateado, marrón;Vertical;Living;Minimalista;Calma;Equilibrado;Fotográfica
2742;Mapa de Sueños;Mapamundi;General;Tierra;marrón, naranja;Horizontal;Oficina;Clásico;Inspiración;Protagonista;Fotográfica
2743;Entre Flores y Cielo;Paisajes;Flores;Cálido;rojo, naranja;Horizontal;Living;Moderno;Energía;Protagonista;Fotográfica
2744;Libertad sobre Ruedas;Tematico;Motos;Oscuro;negro, marrón;Horizontal;Living;Industrial;Fuerza;Protagonista;Fotográfica
2745;Espíritu Zen;Budismo;General;Blanco y Negro;plateado, gris;Horizontal;Living;Clásico;Calma;Equilibrado;Fotográfica
2746;El Mundo es Negocio;Mapamundi;General;Frío;verde, dorado;Horizontal;Oficina;Industrial;Energía;Protagonista;Collage/Mixta
2747;Camino Abierto;Tematico;Motos;Oscuro;rojo, marrón;Horizontal;Infantil/Juvenil;Industrial;Energía;Protagonista;Fotográfica
2748;El Camino del Bosque;Paisajes;Bosque;Tierra;verde, marrón;Horizontal;Living;Nórdico;Calma;Equilibrado;Fotográfica
2749;Vida Infinita;Botanica;Arboles;Cálido;naranja, amarillo;Horizontal;Living;Boho;Calma;Protagonista;Fotográfica
2750;Un Planeta, Mil Historias;Mapamundi;General;Tierra;naranja, marrón;Horizontal;Cocina;Boho;Inspiración;Protagonista;Fotográfica
2751;El Rugido de la Carretera;Tematico;Motos;Cálido;naranja, rojo;Horizontal;Infantil/Juvenil;Industrial;Energía;Protagonista;Fotográfica
2752;Bosque entre la Niebla;Paisajes;Bosque;Oscuro;verde, violeta;Horizontal;Living;Nórdico;Misterio;Equilibrado;Fotográfica
2753;Rostro del Buda;Budismo;General;Metálico;dorado, plateado;Horizontal;Hall de Entrada;Elegante;Calma;Protagonista;Fotográfica
2754;Donde Habita la Calma;Budismo;General;Tierra;verde, marrón;Horizontal;Baño;Nórdico;Calma;Equilibrado;Fotográfica
2755;Corazón Herido y Fuerte;Mujer;Frida Khalo;Vibrante;verde, marrón;Vertical;Hall de Entrada;Boho;Inspiración;Protagonista;Collage/Mixta
2756;Lealtad Salvaje;Animales;Lobos;Cálido;naranja, rojo;Horizontal;Living;Nórdico;Armonía;Protagonista;Fotográfica
2757;Paraíso Tropical 1;Paisajes;General;Pastel;verde, blanco;Horizontal;Living;Clásico;Armonía;Protagonista;Pictórica
2758;Reflexión sobre la Fe;Tematico;General;Oscuro;dorado, naranja;Horizontal;Oficina;Moderno;Inspiración;Protagonista;Collage/Mixta
2759;Pasión Azul y Oro;Deporte;Boca;Frío;azul, dorado;Horizontal;Infantil/Juvenil;Industrial;Energía;Protagonista;Fotográfica
2760;El Paisaje del Silencio;Paisajes;General;Cálido;naranja, verde;Horizontal;Living;Clásico;Armonía;Protagonista;Pictórica
2761;Mirada Curiosa;Animales;Gatos;Oscuro;azul, plateado;Horizontal;Infantil/Juvenil;Moderno;Misterio;Protagonista;Digital/3D
2762;Hojas en el Viento;Botanica;Hojas;Pastel;verde, rosa;Vertical;Living;Moderno;Calma;Equilibrado;Ilustrativa
2763;El Pulso Urbano;Paisajes;Ciudades;Frío;plateado, blanco;Horizontal;Oficina;Minimalista;Calma;Equilibrado;Fotográfica
2764;Luz del Dharma;Budismo;General;Tierra;dorado, blanco;Horizontal;Oficina;Nórdico;Calma;Equilibrado;Collage/Mixta
2765;Nobleza Gris;Animales;Elefantes;Cálido;naranja, amarillo;Horizontal;Living;Boho;Armonía;Protagonista;Digital/3D
2766;Cactus Sereno;Botanica;Hojas;Neutro;verde, plateado;Vertical;Cocina;Nórdico;Calma;Suave;Ilustrativa
2767;Regreso al Futuro;Tematico;Peliculas;Oscuro;dorado, azul;Vertical;Infantil/Juvenil;Industrial;Inspiración;Protagonista;Fotográfica
2768;Esencia del Barbero;Tematico;Barberia;Vibrante;marrón, violeta;Horizontal;Baño;Industrial;Energía;Protagonista;Fotográfica
2769;Herramientas del Barbero;Tematico;Barberia;Blanco y Negro;plateado, marrón;Horizontal;Baño;Industrial;Elegancia;Protagonista;Fotográfica
2770;Esencia de Barbería;Tematico;Barberia;Metálico;marrón, plateado;Horizontal;Baño;Industrial;Elegancia;Protagonista;Fotográfica
2771;Estilo Vintage;Tematico;Barberia;Neutro;marrón, plateado;Horizontal;Baño;Industrial;Elegancia;Protagonista;Fotográfica
2772;Barbería de Época;Tematico;Barberia;Metálico;marrón, rojo;Horizontal;Baño;Industrial;Elegancia;Protagonista;Fotográfica
2773;Corte Clásico;Tematico;Barberia;Metálico;marrón, plateado;Horizontal;Baño;Industrial;Energía;Protagonista;Fotográfica
2774;Corte de Precisión;Tematico;Barberia;Blanco y Negro;plateado, gris;Horizontal;Baño;Industrial;Fuerza;Protagonista;Fotográfica
2775;Salón Moderno;Tematico;Barberia;Metálico;marrón, plateado;Horizontal;Baño;Industrial;Elegancia;Protagonista;Fotográfica
2776;Barbería Vintage;Tematico;Barberia;Vibrante;marrón, verde;Horizontal;Baño;Industrial;Misterio;Protagonista;Fotográfica
2777;Cataratas Majestuosas;Paisajes;General;Tierra;verde, rojo;Horizontal;Living;Moderno;Fuerza;Protagonista;Fotográfica
2778;Geografía Soñada;Mapamundi;General;Blanco y Negro;negro, blanco;Horizontal;Oficina;Minimalista;Inspiración;Equilibrado;Ilustrativa
2779;Perspectiva Urbana;Paisajes;Ciudades;Cálido;naranja, amarillo;Horizontal;Oficina;Moderno;Energía;Protagonista;Fotográfica
2780;Cielo de Asfalto;Paisajes;Ciudades;Pastel;naranja, amarillo;Horizontal;Oficina;Moderno;Energía;Protagonista;Fotográfica
2781;Ciudad Histórica;Paisajes;Ciudades;Cálido;naranja, amarillo;Horizontal;Oficina;Clásico;Inspiración;Protagonista;Fotográfica
2783;El Camino del Loto 2;Budismo;General;Oscuro;plateado, azul;Horizontal;Dormitorio;Minimalista;Calma;Suave;Ilustrativa
2784;Camino al Despertar;Budismo;General;Tierra;dorado, amarillo;Horizontal;Hall de Entrada;Elegante;Calma;Equilibrado;Ilustrativa
2785;Armonía Espiritual;Budismo;General;Frío;azul, plateado;Horizontal;Dormitorio;Elegante;Calma;Equilibrado;Ilustrativa
2786;El Corazón Zen 2;Budismo;General;Pastel;verde, azul;Horizontal;Hall de Entrada;Clásico;Calma;Protagonista;Fotográfica
2787;Buda entre Ruinas;Budismo;General;Tierra;naranja, plateado;Horizontal;Living;Clásico;Inspiración;Protagonista;Fotográfica
2788;El Arte de Respirar;Budismo;General;Oscuro;rojo, marrón;Horizontal;Dormitorio;Minimalista;Calma;Equilibrado;Fotográfica
2789;Monstera en Rosa;Botanica;Hojas;Pastel;verde, rosa;Vertical;Living;Minimalista;Calma;Suave;Fotográfica
2790;Calle de Caminito;Paisajes;Ciudades;Vibrante;naranja, amarillo;Horizontal;Living;Boho;Alegría;Protagonista;Fotográfica
2791;Casa Rosada;Paisajes;Ciudades;Frío;naranja, verde;Horizontal;Oficina;Clásico;Inspiración;Protagonista;Fotográfica
2792;Noches de Neón;Paisajes;Ciudades;Vibrante;rosa, violeta;Horizontal;Living;Elegante;Energía;Protagonista;Fotográfica
2793;Gato de Cheshire;Animales;Gatos;Frío;azul, verde;Horizontal;Infantil/Juvenil;Moderno;Alegría;Protagonista;Digital/3D
2794;Vida Metropolitana;Paisajes;Ciudades;Cálido;naranja, rojo;Horizontal;Living;Industrial;Energía;Protagonista;Fotográfica
2795;Destinos Infinitos;Mapamundi;General;Tierra;marrón, verde;Horizontal;Oficina;Clásico;Inspiración;Protagonista;Ilustrativa
2796;Fachadas de Caminito;Paisajes;Ciudades;Vibrante;amarillo, naranja;Horizontal;Living;Boho;Alegría;Protagonista;Fotográfica
2797;Trazos del Planeta;Mapamundi;General;Tierra;amarillo, marrón;Horizontal;Oficina;Clásico;Inspiración;Protagonista;Fotográfica
2798;El Mundo en Billetes;Mapamundi;General;Neutro;plateado, negro;Horizontal;Oficina;Industrial;Energía;Protagonista;Collage/Mixta
2799;Mapa Sepia;Mapamundi;General;Tierra;naranja, marrón;Horizontal;Oficina;Clásico;Inspiración;Protagonista;Ilustrativa
2800;El Lado Oscuro;Tematico;Peliculas;Oscuro;rojo, naranja;Horizontal;Infantil/Juvenil;Moderno;Fuerza;Protagonista;Digital/3D
2801;Mundo Digital;Mapamundi;General;Vibrante;azul, violeta;Horizontal;Oficina;Moderno;Inspiración;Protagonista;Digital/3D
2802;Poder Saiyajin;Tematico;Peliculas;Frío;rojo, naranja;Horizontal;Infantil/Juvenil;Moderno;Energía;Protagonista;Ilustrativa
2803;Navegar en Calma;Paisajes;Playa;Pastel;rosa, naranja;Horizontal;Living;Minimalista;Calma;Suave;Fotográfica
2805;Serenidad Lunar 2;Paisajes;Luna;Oscuro;dorado, plateado;Vertical;Dormitorio;Elegante;Misterio;Protagonista;Ilustrativa
2806;París de Noche;Paisajes;Ciudades;Cálido;verde, violeta;Horizontal;Living;Elegante;Romanticismo;Protagonista;Fotográfica
2807;Rostro en Color;Tematico;Einstein;Vibrante;marrón, dorado;Horizontal;Living;Moderno;Energía;Protagonista;Pictórica
2808;Nebulosa Lejana;Paisajes;Universo;Frío;azul, violeta;Horizontal;Dormitorio;Moderno;Misterio;Protagonista;Digital/3D
2809;París Tricolor;Paisajes;Ciudades;Frío;rojo, naranja;Horizontal;Living;Moderno;Energía;Protagonista;Fotográfica
2810;Icono Glamour;Tematico;Marilyn;Pastel;dorado, verde;Horizontal;Dormitorio;Boho;Energía;Protagonista;Collage/Mixta
2811;Pan Recién Horneado;Tematico;Panaderia;Neutro;beige, marrón;Horizontal;Cocina;Nórdico;Alegría;Protagonista;Fotográfica
2812;Aroma de Trigo;Tematico;Panaderia;Cálido;dorado, amarillo;Horizontal;Cocina;Clásico;Calma;Protagonista;Fotográfica
2813;Tarta de Limón;Tematico;Panaderia;Metálico;beige, dorado;Horizontal;Cocina;Elegante;Alegría;Protagonista;Fotográfica
2814;Rey del Pop;Tematico;Michael Jackson;Vibrante;violeta, naranja;Horizontal;Living;Moderno;Energía;Protagonista;Collage/Mixta
2815;Esencia Mexicana;Mujer;Frida Khalo;Vibrante;violeta, rosa;Horizontal;Hall de Entrada;Moderno;Inspiración;Protagonista;Ilustrativa
2816;Retrato Cromático;Mujer;Frida Khalo;Vibrante;violeta, azul;Vertical;Hall de Entrada;Moderno;Energía;Protagonista;Pictórica
2817;Mirada Intensa;Mujer;Frida Khalo;Vibrante;dorado, rosa;Vertical;Hall de Entrada;Moderno;Misterio;Protagonista;Pictórica
2818;Sendero de la Paz;Budismo;General;Metálico;amarillo, naranja;Horizontal;Hall de Entrada;Elegante;Calma;Equilibrado;Digital/3D
2819;Cielo de Plata 2;Paisajes;Luna;Frío;plateado, azul;Horizontal;Dormitorio;Minimalista;Misterio;Protagonista;Digital/3D
2820;Pasión en Dos Ruedas;Tematico;Motos;Tierra;marrón, naranja;Horizontal;Living;Industrial;Libertad;Protagonista;Fotográfica
2821;Curva Peligrosa;Tematico;Motos;Oscuro;marrón, negro;Horizontal;Living;Industrial;Fuerza;Protagonista;Fotográfica
2822;Luz del Despertar;Budismo;General;Frío;azul, violeta;Horizontal;Living;Clásico;Misterio;Protagonista;Fotográfica
2823;Sombras de Edificios;Paisajes;Ciudades;Pastel;violeta, rosa;Horizontal;Living;Moderno;Energía;Protagonista;Fotográfica
2824;Fuerza de las Cataratas;Paisajes;General;Frío;verde, amarillo;Horizontal;Living;Moderno;Fuerza;Protagonista;Fotográfica
2825;Retrato de Pasión;Mujer;Frida Khalo;Vibrante;verde, naranja;Vertical;Hall de Entrada;Moderno;Misterio;Protagonista;Pictórica
2826;Amor sin Etiquetas;Mujer;General;Vibrante;rosa, dorado;Vertical;Dormitorio;Moderno;Libertad;Protagonista;Ilustrativa
2827;Actitud Pop;Mujer;General;Cálido;naranja, rojo;Vertical;Dormitorio;Moderno;Alegría;Protagonista;Ilustrativa
2828;Pensamientos Profundos;Mujer;General;Vibrante;amarillo, naranja;Vertical;Dormitorio;Moderno;Alegría;Protagonista;Ilustrativa
2829;Luz en su Rostro;Mujer;General;Vibrante;rosa, violeta;Vertical;Dormitorio;Moderno;Energía;Protagonista;Ilustrativa
2830;Retrato de Ensueño;Mujer;General;Neutro;rosa, rojo;Vertical;Dormitorio;Moderno;Alegría;Protagonista;Ilustrativa
2831;Ritmo de Vinilo;Mujer;General;Vibrante;rojo, naranja;Vertical;Dormitorio;Moderno;Alegría;Protagonista;Collage/Mixta
2832;Entre Cielo y Tierra 2;Paisajes;Bosque;Oscuro;verde, marrón;Horizontal;Living;Nórdico;Calma;Equilibrado;Fotográfica
2833;Estela en el Mar;Paisajes;General;Frío;marrón, naranja;Horizontal;Living;Moderno;Libertad;Protagonista;Fotográfica
2834;El Espíritu del Bosque;Paisajes;Bosque;Cálido;naranja, amarillo;Horizontal;Living;Nórdico;Calma;Equilibrado;Fotográfica
2835;Primavera Interior 2;Mujer;Frida Khalo;Vibrante;rosa, rojo;Vertical;Dormitorio;Boho;Romanticismo;Protagonista;Collage/Mixta
2836;Pasión Custom;Tematico;Motos;Blanco y Negro;negro, marrón;Horizontal;Living;Industrial;Fuerza;Protagonista;Fotográfica
2837;El Camino del Mar;Paisajes;Playa;Frío;azul, naranja;Horizontal;Infantil/Juvenil;Moderno;Alegría;Protagonista;Ilustrativa
2838;El Susurro del Mar;Paisajes;Playa;Frío;beige, azul;Horizontal;Infantil/Juvenil;Minimalista;Calma;Suave;Ilustrativa
2839;Corazón de la Ciudad;Paisajes;Ciudades;Frío;azul, violeta;Horizontal;Living;Moderno;Energía;Protagonista;Fotográfica
2840;Colores de Frida;Mujer;Frida Khalo;Vibrante;plateado, dorado;Vertical;Hall de Entrada;Industrial;Fuerza;Protagonista;Collage/Mixta
2841;Geometría Lunar 2;Paisajes;Luna;Oscuro;dorado, negro;Vertical;Dormitorio;Elegante;Misterio;Protagonista;Ilustrativa
2842;Mirada Andina;Animales;llama;Vibrante;violeta, blanco;Vertical;Infantil/Juvenil;Nórdico;Alegría;Equilibrado;Ilustrativa
2843;Llama sin Drama;Animales;llama;Pastel;amarillo, verde;Vertical;Infantil/Juvenil;Moderno;Alegría;Protagonista;Ilustrativa
2844;Corazón Andino;Animales;llama;Pastel;rosa, blanco;Vertical;Infantil/Juvenil;Nórdico;Alegría;Equilibrado;Ilustrativa
2845;Dulzura del Altiplano;Animales;llama;Pastel;amarillo, marrón;Vertical;Infantil/Juvenil;Nórdico;Alegría;Equilibrado;Ilustrativa
2847;Ciudad que Nunca Duerme;Paisajes;Ciudades;Oscuro;naranja, violeta;Horizontal;Living;Industrial;Energía;Protagonista;Fotográfica
2848;Horizonte Urbano 2;Paisajes;Ciudades;Oscuro;plateado, gris;Horizontal;Living;Industrial;Misterio;Protagonista;Fotográfica
2849;Ícono Eterno;Mujer;Marilyn;Vibrante;rosa, violeta;Horizontal;Dormitorio;Moderno;Energía;Protagonista;Collage/Mixta
2850;Sabiduría Serena;Budismo;General;Frío;verde, azul;Horizontal;Living;Industrial;Misterio;Protagonista;Digital/3D
2851;Estela Lunar;Paisajes;Luna;Metálico;dorado, amarillo;Vertical;Dormitorio;Elegante;Misterio;Protagonista;Ilustrativa
2852;Marea Suave;Paisajes;Playa;Oscuro;naranja, verde;Horizontal;Living;Moderno;Energía;Protagonista;Fotográfica
2853;Ciudad junto al Mar;Paisajes;Playa;Cálido;naranja, azul;Horizontal;Living;Moderno;Energía;Protagonista;Fotográfica
2854;Ritmo en Colores;Tematico;Michael Jackson;Vibrante;amarillo, violeta;Horizontal;Living;Boho;Energía;Protagonista;Pictórica
2855;El Abrazo del Océano;Paisajes;Playa;Frío;verde, azul;Horizontal;Living;Nórdico;Libertad;Protagonista;Fotográfica
2856;Cartas de Navegación;Mapamundi;General;Tierra;negro, marrón;Horizontal;Oficina;Elegante;Inspiración;Protagonista;Digital/3D
2857;Palabras del Mundo;Mapamundi;General;Vibrante;rojo, dorado;Horizontal;Oficina;Industrial;Energía;Protagonista;Ilustrativa
2858;Fuerza y Libertad;Animales;Caballos;Blanco y Negro;plateado, dorado;Vertical;Living;Minimalista;Armonía;Protagonista;Fotográfica
2859;Mirada Noble;Animales;Caballos;Blanco y Negro;plateado, gris;Vertical;Living;Industrial;Fuerza;Protagonista;Fotográfica
2860;Nobleza en Silencio;Animales;Caballos;Blanco y Negro;gris, plateado;Vertical;Living;Minimalista;Calma;Equilibrado;Fotográfica
2861;Latitudes Lejanas;Mapamundi;General;Tierra;negro, marrón;Horizontal;Oficina;Industrial;Inspiración;Protagonista;Digital/3D
2862;Travesía Global;Mapamundi;General;Vibrante;violeta, dorado;Horizontal;Oficina;Moderno;Energía;Protagonista;Digital/3D
2863;Tierra de Aventuras;Mapamundi;General;Vibrante;violeta, azul;Horizontal;Oficina;Boho;Inspiración;Protagonista;Pictórica
2864;Visiones del Globo;Mapamundi;General;Tierra;marrón, verde;Horizontal;Oficina;Clásico;Inspiración;Protagonista;Collage/Mixta
2865;Rutas del Pasado;Mapamundi;General;Tierra;verde, marrón;Horizontal;Oficina;Clásico;Inspiración;Protagonista;Ilustrativa
2866;El Mundo en tus Manos;Mapamundi;General;Frío;azul, violeta;Horizontal;Oficina;Industrial;Misterio;Protagonista;Digital/3D
2867;Cartografía Clásica;Mapamundi;General;Blanco y Negro;plateado, negro;Horizontal;Oficina;Industrial;Fuerza;Protagonista;Collage/Mixta
2868;Mundo en Azul;Mapamundi;General;Frío;azul, violeta;Horizontal;Oficina;Industrial;Inspiración;Protagonista;Digital/3D
2869;Descubriendo el Mundo;Mapamundi;General;Metálico;marrón, naranja;Horizontal;Oficina;Clásico;Inspiración;Equilibrado;Ilustrativa
2870;Ciudad de Acero;Paisajes;Ciudades;Oscuro;azul, violeta;Horizontal;Living;Industrial;Misterio;Protagonista;Fotográfica
2871;Impulso Extremo;Tematico;Motos;Oscuro;violeta, amarillo;Horizontal;Infantil/Juvenil;Industrial;Energía;Protagonista;Digital/3D
2872;Espíritu Motero;Tematico;Motos;Oscuro;rojo, naranja;Horizontal;Infantil/Juvenil;Industrial;Energía;Protagonista;Fotográfica
2873;Salto Extremo;Tematico;Motos;Vibrante;violeta, rojo;Horizontal;Infantil/Juvenil;Industrial;Libertad;Protagonista;Fotográfica
2874;Templanza del Gigante;Animales;Elefantes;Oscuro;gris, plateado;Horizontal;Living;Clásico;Armonía;Protagonista;Fotográfica
2875;Luces del Obelisco;Paisajes;Ciudades;Cálido;naranja, violeta;Horizontal;Oficina;Moderno;Energía;Protagonista;Fotográfica
2876;Rosa de los Vientos;Mapamundi;General;Tierra;violeta, marrón;Horizontal;Oficina;Clásico;Inspiración;Protagonista;Collage/Mixta
2877;Sonrisa de Cheshire;Animales;Gatos;Oscuro;verde, negro;Horizontal;Infantil/Juvenil;Minimalista;Misterio;Protagonista;Digital/3D
2878;París desde lo Alto;Paisajes;Ciudades;Oscuro;violeta, naranja;Horizontal;Living;Elegante;Romanticismo;Protagonista;Fotográfica
2879;Postal Metropolitana;Paisajes;Ciudades;Oscuro;verde, naranja;Horizontal;Living;Moderno;Energía;Protagonista;Fotográfica
2880;Noche junto a la Torre;Paisajes;Ciudades;Cálido;violeta, verde;Horizontal;Living;Elegante;Romanticismo;Protagonista;Fotográfica
2881;Fuerza del Niágara;Paisajes;General;Frío;verde, azul;Horizontal;Living;Moderno;Fuerza;Protagonista;Fotográfica
2882;Frutos de Luz;Comida;Frutas;Pastel;gris, plateado;Vertical;Cocina;Minimalista;Calma;Suave;Fotográfica
2883;Corona Tropical;Comida;Frutas;Neutro;verde, blanco;Vertical;Cocina;Minimalista;Calma;Suave;Fotográfica
2884;Textura Tropical;Comida;Frutas;Pastel;gris, azul;Vertical;Cocina;Minimalista;Calma;Suave;Fotográfica
2885;Sabores del Huerto;Comida;Frutas;Vibrante;amarillo, verde;Vertical;Cocina;Nórdico;Alegría;Equilibrado;Fotográfica
2886;Jardín Zen;Budismo;General;Frío;azul, plateado;Horizontal;Living;Moderno;Misterio;Protagonista;Digital/3D
2887;Naturaleza Serena 3;Botanica;Hojas;Pastel;rosa, verde;Vertical;Living;Moderno;Calma;Equilibrado;Fotográfica
2888;Impacto Pop;Mujer;General;Vibrante;naranja, rojo;Horizontal;Infantil/Juvenil;Moderno;Energía;Protagonista;Ilustrativa
2889;Identidad Digital;Mapamundi;General;Blanco y Negro;negro, verde;Horizontal;Oficina;Industrial;Misterio;Protagonista;Digital/3D
2890;Reflejos en el Vidrio;Paisajes;Ciudades;Cálido;rojo, naranja;Horizontal;Living;Industrial;Energía;Protagonista;Fotográfica
2891;Roma al Atardecer;Paisajes;Ciudades;Cálido;violeta, rojo;Horizontal;Living;Clásico;Elegancia;Protagonista;Fotográfica
2892;Ruta hacia el Horizonte 1;Paisajes;General;Cálido;naranja, violeta;Horizontal;Living;Industrial;Libertad;Protagonista;Collage/Mixta
2893;Buenos Aires al Anochecer;Paisajes;Ciudades;Pastel;violeta, rosa;Horizontal;Oficina;Moderno;Energía;Protagonista;Fotográfica
2894;Navegante del Tiempo;Paisajes;General;Frío;azul, naranja;Horizontal;Living;Clásico;Libertad;Protagonista;Fotográfica
2895;Paisaje de Concreto;Paisajes;Ciudades;Oscuro;plateado, naranja;Horizontal;Living;Moderno;Energía;Protagonista;Fotográfica
2897;Metrópolis Vibrante;Paisajes;Ciudades;Oscuro;verde, violeta;Horizontal;Living;Industrial;Energía;Protagonista;Fotográfica
2898;Leyenda del Mar;Mapamundi;General;Frío;azul, dorado;Horizontal;Infantil/Juvenil;Moderno;Energía;Protagonista;Ilustrativa
2899;Cartografía del Mundo;Animales;Jirafas;Tierra;naranja, plateado;Horizontal;Oficina;Clásico;Inspiración;Protagonista;Ilustrativa
2900;Geometría Salvaje;Paisajes;Ciudades;Neutro;naranja, marrón;Horizontal;Infantil/Juvenil;Moderno;Alegría;Protagonista;Ilustrativa
2901;París en Miniatura;Paisajes;Ciudades;Cálido;violeta, naranja;Horizontal;Living;Elegante;Romanticismo;Protagonista;Fotográfica
2902;Cruce de Tokio;Paisajes;Ciudades;Oscuro;amarillo, verde;Horizontal;Oficina;Moderno;Energía;Protagonista;Fotográfica
2903;Horizonte de Tokio;Paisajes;Ciudades;Cálido;naranja, violeta;Horizontal;Oficina;Moderno;Energía;Protagonista;Fotográfica
2904;Ciudad en Movimiento;Paisajes;Ciudades;Vibrante;violeta, amarillo;Horizontal;Infantil/Juvenil;Moderno;Energía;Protagonista;Fotográfica
2905;Fuegos sobre Tokio;Paisajes;Ciudades;Vibrante;violeta, naranja;Horizontal;Living;Moderno;Alegría;Protagonista;Fotográfica
2906;Destino Cosmopolita;Paisajes;Ciudades;Oscuro;violeta, gris;Horizontal;Living;Industrial;Misterio;Protagonista;Fotográfica
2907;Crecimiento Infinito 2;Botanica;Arboles;Cálido;marrón, rojo;Vertical;Dormitorio;Nórdico;Romanticismo;Protagonista;Ilustrativa
2908;Arco de París;Paisajes;Ciudades;Cálido;plateado, verde;Horizontal;Living;Clásico;Inspiración;Protagonista;Fotográfica
2909;Navegando al Atardecer;Paisajes;General;Pastel;naranja, marrón;Horizontal;Living;Nórdico;Calma;Equilibrado;Fotográfica
2910;Sabiduría en Colores;Mujer;General;Cálido;amarillo, naranja;Horizontal;Hall de Entrada;Moderno;Inspiración;Protagonista;Collage/Mixta
2911;Resplandor Sagrado;Cristianismo;General;Oscuro;dorado, naranja;Horizontal;Dormitorio;Clásico;Inspiración;Protagonista;Pictórica
2912;Continentes Unidos;Mapamundi;General;Tierra;verde, marrón;Horizontal;Oficina;Clásico;Inspiración;Protagonista;Ilustrativa
2913;Código Infinito;Mapamundi;General;Vibrante;verde, violeta;Horizontal;Oficina;Industrial;Misterio;Protagonista;Digital/3D
2914;Planeta en Lienzo;Mapamundi;General;Pastel;rosa, violeta;Horizontal;Oficina;Elegante;Calma;Equilibrado;Pictórica
2915;Amanecer Global;Mapamundi;General;Cálido;violeta, naranja;Horizontal;Oficina;Moderno;Inspiración;Protagonista;Digital/3D
2916;Lo Esencial es Invisible;Tematico;El Principito;Cálido;amarillo, dorado;Horizontal;Infantil/Juvenil;Boho;Inspiración;Protagonista;Ilustrativa
2917;Calma de Orquídea;Botanica;Flores;Vibrante;verde, violeta;Horizontal;Baño;Nórdico;Calma;Equilibrado;Fotográfica
2918;Flor en Floración;Botanica;Flores;Vibrante;violeta, negro;Horizontal;Baño;Nórdico;Calma;Equilibrado;Fotográfica
2919;Sabor y Arte;Tematico;Gastronomia;Neutro;plateado, rojo;Horizontal;Cocina;Industrial;Inspiración;Protagonista;Fotográfica
2920;Salto de Libertad 2;Animales;Delfines;Pastel;naranja, azul;Horizontal;Infantil/Juvenil;Moderno;Libertad;Protagonista;Fotográfica
2921;Sonrisa del Océano;Animales;Delfines;Cálido;naranja, amarillo;Horizontal;Infantil/Juvenil;Nórdico;Libertad;Protagonista;Fotográfica
2922;Independencia Felina;Animales;Gatos;Blanco y Negro;azul, plateado;Horizontal;Dormitorio;Minimalista;Calma;Equilibrado;Fotográfica
2923;Venciendo el Miedo;Animales;Toros;Oscuro;violeta, marrón;Horizontal;Infantil/Juvenil;Moderno;Misterio;Protagonista;Digital/3D
2924;Elegancia Rosada;Animales;Flamenco;Cálido;rosa, rojo;Horizontal;Living;Elegante;Calma;Protagonista;Fotográfica
2925;Alturas Serenas;Paisajes;Montañas;Frío;verde, amarillo;Horizontal;Living;Nórdico;Inspiración;Protagonista;Fotográfica
2926;Ola Infinita;Paisajes;Playa;Vibrante;azul, verde;Horizontal;Living;Nórdico;Calma;Protagonista;Fotográfica
2927;Eco de la Montaña;Paisajes;Montañas;Frío;verde, plateado;Horizontal;Living;Nórdico;Calma;Protagonista;Fotográfica
2928;Espuma y Mar;Animales;Delfines;Vibrante;naranja, azul;Horizontal;Infantil/Juvenil;Moderno;Libertad;Protagonista;Fotográfica
2929;Juego de Delfines;Animales;Delfines;Pastel;azul, naranja;Horizontal;Infantil/Juvenil;Moderno;Energía;Protagonista;Collage/Mixta
2930;Horizontes de Montaña;Paisajes;Montañas;Cálido;marrón, amarillo;Horizontal;Living;Boho;Calma;Equilibrado;Ilustrativa
2932;Río bajo la Luna;Paisajes;Montañas;Cálido;naranja, amarillo;Vertical;Infantil/Juvenil;Boho;Misterio;Protagonista;Ilustrativa
2933;Aleta de Plata;Animales;Delfines;Pastel;azul, verde;Horizontal;Infantil/Juvenil;Moderno;Armonía;Protagonista;Collage/Mixta
2934;Salto Oceánico;Animales;Delfines;Pastel;azul, naranja;Horizontal;Infantil/Juvenil;Moderno;Alegría;Protagonista;Collage/Mixta
2935;Dúo Acuático;Animales;Delfines;Frío;azul, violeta;Horizontal;Infantil/Juvenil;Moderno;Armonía;Protagonista;Digital/3D
2936;Olas y Delfines;Animales;Delfines;Vibrante;naranja, violeta;Horizontal;Infantil/Juvenil;Moderno;Alegría;Protagonista;Digital/3D
2937;Salto al Atardecer 2;Animales;Delfines;Vibrante;naranja, azul;Horizontal;Infantil/Juvenil;Nórdico;Libertad;Protagonista;Collage/Mixta
2938;Corriente Marina;Animales;Delfines;Frío;azul, verde;Horizontal;Infantil/Juvenil;Moderno;Alegría;Protagonista;Digital/3D
2939;Danza en el Mar;Animales;Delfines;Cálido;naranja, amarillo;Horizontal;Infantil/Juvenil;Moderno;Armonía;Protagonista;Collage/Mixta
2940;Silueta Delicada;Mujer;General;Frío;azul, plateado;Vertical;Dormitorio;Moderno;Inspiración;Protagonista;Collage/Mixta
2941;Mirada Serena 2;Mujer;General;Cálido;marrón, plateado;Horizontal;Living;Boho;Fuerza;Protagonista;Pictórica
2942;Playa al Atardecer;Paisajes;Playa;Vibrante;naranja, rojo;Horizontal;Living;Moderno;Energía;Protagonista;Fotográfica
2943;Cumbres Majestuosas;Paisajes;Montañas;Cálido;naranja, rojo;Horizontal;Living;Clásico;Inspiración;Protagonista;Fotográfica
2944;Lago entre Cumbres 2;Paisajes;Montañas;Frío;violeta, azul;Horizontal;Living;Nórdico;Calma;Protagonista;Fotográfica
2945;Ruta hacia el Horizonte 2;Paisajes;Montañas;Oscuro;amarillo, naranja;Horizontal;Living;Minimalista;Libertad;Protagonista;Fotográfica
2946;Brisa de Sal;Paisajes;Playa;Vibrante;azul, verde;Horizontal;Living;Nórdico;Calma;Protagonista;Fotográfica
2947;Silueta Urbana 2;Paisajes;Ciudades;Cálido;naranja, rojo;Horizontal;Living;Clásico;Romanticismo;Protagonista;Fotográfica
2948;Silencio Sagrado;Budismo;General;Pastel;amarillo, dorado;Horizontal;Dormitorio;Elegante;Calma;Protagonista;Digital/3D
2949;Contemplación;Budismo;General;Tierra;marrón, naranja;Horizontal;Baño;Nórdico;Calma;Equilibrado;Fotográfica
2950;Serenidad Interior;Budismo;General;Pastel;violeta, plateado;Horizontal;Dormitorio;Moderno;Misterio;Protagonista;Digital/3D
2951;La Paz del Loto;Budismo;General;Tierra;marrón, dorado;Horizontal;Living;Clásico;Calma;Protagonista;Ilustrativa
2952;Equilibrio Floral;Botanica;Flores;Vibrante;violeta, rosa;Horizontal;Baño;Elegante;Calma;Protagonista;Fotográfica
2953;Ritual de Orquídeas 1;Botanica;Flores;Cálido;naranja, violeta;Horizontal;Baño;Elegante;Calma;Protagonista;Fotográfica
2954;Luz de Lavanda;Botanica;Flores;Pastel;violeta, rojo;Horizontal;Baño;Nórdico;Calma;Suave;Fotográfica
2955;Pausa de Orquídeas;Botanica;Flores;Vibrante;violeta, rosa;Horizontal;Baño;Elegante;Calma;Protagonista;Fotográfica
2956;Aroma Floral;Botanica;Flores;Pastel;violeta, verde;Horizontal;Baño;Elegante;Calma;Protagonista;Fotográfica
2957;Paz Zen;Budismo;General;Cálido;violeta, dorado;Horizontal;Hall de Entrada;Boho;Misterio;Protagonista;Fotográfica
2958;Fragmentos de Realidad;Abstracto;General;Tierra;marrón, dorado;Horizontal;Living;Moderno;Elegancia;Protagonista;Abstracta
2959;Ronroneo Sereno;Animales;Gatos;Oscuro;verde, gris;Horizontal;Infantil/Juvenil;Moderno;Misterio;Protagonista;Digital/3D
2960;Templo entre Arces;Paisajes;Bosque;Cálido;naranja, violeta;Horizontal;Living;Clásico;Armonía;Protagonista;Fotográfica
2962;Sendero de Bambú;Paisajes;Bosque;Cálido;verde, amarillo;Horizontal;Living;Nórdico;Calma;Protagonista;Fotográfica
2963;Puente entre Hojas;Paisajes;Bosque;Cálido;naranja, amarillo;Horizontal;Living;Industrial;Misterio;Protagonista;Fotográfica
2964;Libertad Azul;Animales;Delfines;Frío;azul, violeta;Horizontal;Infantil/Juvenil;Boho;Libertad;Equilibrado;Pictórica
2965;Ciervo de Invierno;Paisajes;Montañas;Frío;marrón, beige;Horizontal;Infantil/Juvenil;Nórdico;Calma;Equilibrado;Pictórica
2966;Tierra y Alma;Mujer;Rostros étnicos;Cálido;naranja, dorado;Vertical;Hall de Entrada;Elegante;Elegancia;Protagonista;Digital/3D
2967;El Alma de la Historia;Mujer;Rostros étnicos;Vibrante;naranja, marrón;Vertical;Hall de Entrada;Moderno;Fuerza;Protagonista;Digital/3D
2968;Colores del Alma;Mujer;Rostros étnicos;Cálido;naranja, azul;Vertical;Hall de Entrada;Moderno;Elegancia;Protagonista;Digital/3D
2969;Alma sin Fronteras;Mujer;Rostros étnicos;Vibrante;naranja, violeta;Vertical;Hall de Entrada;Boho;Fuerza;Protagonista;Digital/3D
2970;El Espíritu de la Tierra;Mujer;Rostros étnicos;Cálido;naranja, amarillo;Vertical;Hall de Entrada;Moderno;Elegancia;Protagonista;Digital/3D
2971;Horizontes Superpuestos;Paisajes;Montañas;Metálico;plateado, beige;Vertical;Living;Elegante;Calma;Equilibrado;Collage/Mixta
2972;Mirada Florida;Mujer;General;Neutro;naranja, blanco;Horizontal;Dormitorio;Elegante;Misterio;Protagonista;Collage/Mixta
2973;Naturaleza Universal;Mujer;General;Pastel;verde, azul;Vertical;Dormitorio;Moderno;Misterio;Protagonista;Collage/Mixta
2974;Energía en Movimiento;Abstracto;General;Metálico;dorado, negro;Vertical;Living;Elegante;Misterio;Protagonista;Abstracta
2975;Aire de Cumbre;Paisajes;Montañas;Cálido;naranja, amarillo;Vertical;Living;Boho;Inspiración;Protagonista;Ilustrativa
2976;Un Solo Corazón;Romantico;Corazon;Vibrante;rojo, violeta;Horizontal;Dormitorio;Moderno;Romanticismo;Protagonista;Pictórica
2977;Silencio de Invierno;Paisajes;Bosque;Frío;naranja, amarillo;Horizontal;Living;Nórdico;Calma;Equilibrado;Pictórica
2978;Andar Sigiloso;Animales;Felinos;Oscuro;negro, marrón;Vertical;Hall de Entrada;Minimalista;Fuerza;Protagonista;Fotográfica
2979;Plumas Tropicales;Animales;Loros;Vibrante;naranja, amarillo;Vertical;Living;Boho;Alegría;Protagonista;Digital/3D
2980;Claro de Luna;Paisajes;Bosque;Oscuro;marrón, verde;Horizontal;Living;Clásico;Misterio;Protagonista;Digital/3D
2981;Piedra y Eternidad;Paisajes;Piramides;Cálido;naranja, dorado;Horizontal;Living;Clásico;Inspiración;Protagonista;Digital/3D
2982;Cantar del Mar;Animales;Ballenas;Oscuro;azul, verde;Horizontal;Living;Moderno;Fuerza;Protagonista;Digital/3D
2983;Alma Fiel;Animales;Perros;Vibrante;amarillo, naranja;Horizontal;Infantil/Juvenil;Boho;Fuerza;Protagonista;Pictórica
2984;Esencia de Mujer;Mujer;General;Vibrante;azul, dorado;Horizontal;Hall de Entrada;Moderno;Misterio;Protagonista;Collage/Mixta
2985;Vuelo en el Agua;Animales;Ballenas;Vibrante;azul, dorado;Horizontal;Infantil/Juvenil;Boho;Libertad;Protagonista;Pictórica
2986;Gigante Azul;Animales;Ballenas;Oscuro;azul, negro;Horizontal;Living;Moderno;Misterio;Protagonista;Digital/3D
2987;Canto del Océano 2;Animales;Ballenas;Frío;azul, dorado;Horizontal;Living;Moderno;Misterio;Protagonista;Digital/3D
2988;Lago de Otoño 2;Paisajes;Bosque;Cálido;naranja, amarillo;Horizontal;Living;Nórdico;Calma;Protagonista;Digital/3D
2989;Refugio en el Lago;Paisajes;Bosque;Cálido;verde, azul;Vertical;Living;Boho;Calma;Protagonista;Digital/3D
2990;Playa Eterna;Paisajes;Playa;Cálido;naranja, amarillo;Horizontal;Living;Nórdico;Calma;Equilibrado;Fotográfica
2991;Salto en la Sombra;Animales;Felinos;Oscuro;negro, gris;Horizontal;Hall de Entrada;Moderno;Fuerza;Protagonista;Digital/3D
2992;Bosque Eterno 2;Paisajes;Bosque;Oscuro;amarillo, verde;Horizontal;Living;Clásico;Misterio;Protagonista;Digital/3D
2993;Luz entre las Ramas 2;Paisajes;Bosque;Cálido;verde, naranja;Vertical;Living;Boho;Inspiración;Protagonista;Pictórica
2994;Bosque bajo la Luna;Paisajes;Bosque;Frío;verde, azul;Vertical;Dormitorio;Moderno;Misterio;Protagonista;Ilustrativa
2995;Fusión de Tonos;Abstracto;General;Vibrante;violeta, rosa;Horizontal;Living;Moderno;Energía;Protagonista;Abstracta
2996;Gato con Estilo;Animales;Gatos;Vibrante;naranja, amarillo;Horizontal;Infantil/Juvenil;Moderno;Alegría;Protagonista;Digital/3D
2997;Amor Verdadero;Romantico;pareja;Cálido;naranja, rojo;Horizontal;Dormitorio;Clásico;Romanticismo;Protagonista;Pictórica
2998;Curiosidad Gatuna;Animales;Gatos;Metálico;naranja, plateado;Horizontal;Infantil/Juvenil;Boho;Calma;Equilibrado;Ilustrativa
2999;Corazón Leal;Animales;Perros;Pastel;plateado, gris;Horizontal;Infantil/Juvenil;Boho;Calma;Equilibrado;Pictórica
3000;Rey de la Selva;Animales;Felinos;Cálido;naranja, marrón;Vertical;Hall de Entrada;Boho;Fuerza;Protagonista;Digital/3D
3001;Unidos por Siempre;Romantico;pareja;Cálido;rosa, rojo;Horizontal;Dormitorio;Boho;Romanticismo;Protagonista;Pictórica
3002;Líneas y Formas;Abstracto;General;Frío;dorado, azul;Horizontal;Living;Elegante;Elegancia;Protagonista;Abstracta
3003;Expresión Pura;Abstracto;General;Frío;azul, dorado;Horizontal;Living;Elegante;Elegancia;Protagonista;Abstracta
3004;Botánica Dorada;Botanica;Hojas;Metálico;dorado, amarillo;Vertical;Living;Elegante;Elegancia;Protagonista;Digital/3D
3005;Jardín Dorado 3;Botanica;Hojas;Metálico;amarillo, negro;Vertical;Living;Elegante;Elegancia;Protagonista;Digital/3D
3006;Follaje de Oro;Botanica;Hojas;Metálico;dorado, verde;Vertical;Living;Elegante;Elegancia;Protagonista;Digital/3D
3007;Selva Contemporánea;Botanica;Hojas;Tierra;verde, marrón;Vertical;Living;Moderno;Misterio;Protagonista;Digital/3D
3008;Gato al Sol;Animales;Gatos;Cálido;naranja, amarillo;Horizontal;Infantil/Juvenil;Moderno;Alegría;Protagonista;Fotográfica
3009;Bajo la Vía Láctea 1;Paisajes;General;Oscuro;rojo, violeta;Horizontal;Dormitorio;Moderno;Inspiración;Protagonista;Collage/Mixta
3010;El Ciclo de la Vida Verde;Botanica;Hojas;Vibrante;verde, azul;Vertical;Living;Moderno;Energía;Protagonista;Digital/3D
3012;Tierra de mis Ancestros;Mujer;Rostros étnicos;Blanco y Negro;gris, plateado;Vertical;Hall de Entrada;Elegante;Fuerza;Protagonista;Pictórica
3013;El Rostro Milenario;Mujer;Rostros étnicos;Tierra;marrón, dorado;Vertical;Hall de Entrada;Clásico;Elegancia;Protagonista;Pictórica
3014;Historia del Alma;Mujer;Rostros étnicos;Tierra;marrón, dorado;Vertical;Hall de Entrada;Clásico;Elegancia;Protagonista;Pictórica
3015;Flores al Atardecer;Paisajes;General;Pastel;amarillo, naranja;Vertical;Living;Nórdico;Alegría;Protagonista;Fotográfica
3016;Colores Ancestrales;Mujer;Rostros étnicos;Cálido;marrón, dorado;Vertical;Hall de Entrada;Elegante;Elegancia;Protagonista;Digital/3D
3017;Herencia Sagrada;Mujer;Rostros étnicos;Cálido;dorado, marrón;Vertical;Hall de Entrada;Elegante;Elegancia;Protagonista;Digital/3D
3018;Herencia Eterna;Mujer;Rostros étnicos;Cálido;marrón, rojo;Vertical;Hall de Entrada;Elegante;Elegancia;Protagonista;Digital/3D
3019;Flamenco junto al Mar 2;Paisajes;Playa;Vibrante;naranja, rosa;Horizontal;Living;Moderno;Libertad;Protagonista;Fotográfica
3020;Atardecer Tropical;Paisajes;Playa;Cálido;naranja, amarillo;Horizontal;Living;Nórdico;Calma;Protagonista;Fotográfica
3021;Mariposa entre Hojas;Mujer;General;Neutro;blanco, gris;Vertical;Dormitorio;Minimalista;Calma;Suave;Ilustrativa
3022;Rostro entre Mariposas;Mujer;General;Metálico;beige, plateado;Vertical;Dormitorio;Minimalista;Calma;Suave;Ilustrativa
3023;Perfil de Mariposas;Mujer;General;Metálico;beige, blanco;Vertical;Dormitorio;Minimalista;Calma;Suave;Ilustrativa
3024;Belleza Natural;Mujer;General;Blanco y Negro;blanco, gris;Vertical;Dormitorio;Industrial;Misterio;Protagonista;Pictórica
3025;Gorila entre Flores;Animales;Monos;Tierra;amarillo, verde;Vertical;Living;Boho;Calma;Protagonista;Pictórica
3026;Marcha de la Sabana;Animales;Elefantes;Tierra;naranja, gris;Vertical;Living;Boho;Fuerza;Protagonista;Pictórica
3027;Gracia Ancestral;Animales;Jirafas;Cálido;naranja, marrón;Vertical;Infantil/Juvenil;Boho;Alegría;Protagonista;Pictórica
3028;Mirada Salvaje 2;Animales;Felinos;Cálido;naranja, amarillo;Vertical;Living;Boho;Fuerza;Protagonista;Pictórica
3029;Danza de Rayas;Animales;Cebras;Vibrante;plateado, naranja;Vertical;Living;Boho;Armonía;Protagonista;Pictórica
3031;Colores Sagrados;Mujer;Rostros étnicos;Metálico;naranja, amarillo;Vertical;Hall de Entrada;Moderno;Fuerza;Protagonista;Digital/3D
3032;Orgullo Milenario;Mujer;Rostros étnicos;Blanco y Negro;negro, marrón;Vertical;Hall de Entrada;Moderno;Fuerza;Protagonista;Digital/3D
3033;Colores del Origen;Mujer;Rostros étnicos;Metálico;dorado, negro;Vertical;Hall de Entrada;Elegante;Elegancia;Protagonista;Digital/3D
3034;Cumbres de Neón 1;Paisajes;luna;Frío;violeta, rosa;Horizontal;Infantil/Juvenil;Moderno;Misterio;Protagonista;Digital/3D
3035;Fogata bajo las Estrellas;Romantico;pareja;Oscuro;naranja, rojo;Horizontal;Dormitorio;Nórdico;Romanticismo;Protagonista;Fotográfica
3036;Abrazo Eterno;Romantico;pareja;Oscuro;marrón, violeta;Horizontal;Dormitorio;Nórdico;Romanticismo;Protagonista;Fotográfica
3037;Mirada Felina;Animales;Gatos;Cálido;naranja, amarillo;Vertical;Infantil/Juvenil;Moderno;Alegría;Protagonista;Collage/Mixta
3038;El Mejor Amigo;Animales;Perros;Vibrante;marrón, amarillo;Vertical;Infantil/Juvenil;Moderno;Alegría;Protagonista;Ilustrativa
3039;Vuelo Delicado;Animales;Mariposas;Vibrante;naranja, amarillo;Vertical;Living;Boho;Alegría;Protagonista;Fotográfica
3042;Fidelidad Pura;Animales;Perros;Frío;marrón, naranja;Vertical;Infantil/Juvenil;Boho;Calma;Equilibrado;Pictórica
3043;Lealtad Incondicional;Animales;Perros;Cálido;amarillo, naranja;Horizontal;Infantil/Juvenil;Boho;Alegría;Protagonista;Pictórica
3045;Encuentro de Otoño;Romantico;pareja;Cálido;naranja, rojo;Horizontal;Dormitorio;Boho;Romanticismo;Protagonista;Pictórica
3046;Amigo Leal;Animales;Perros;Vibrante;naranja, violeta;Vertical;Infantil/Juvenil;Boho;Alegría;Protagonista;Pictórica
3047;Susurro de Plumas;Plumas;General;Oscuro;plateado, gris;Horizontal;Living;Minimalista;Calma;Suave;Pictórica
3048;El Vuelo del Alma 1;Plumas;General;Metálico;gris, plateado;Horizontal;Living;Elegante;Calma;Equilibrado;Pictórica
3049;Ligereza del Alma;Plumas;General;Metálico;plateado, blanco;Vertical;Living;Elegante;Calma;Equilibrado;Pictórica
3050;Plumas de Oro;Plumas;General;Metálico;plateado, dorado;Horizontal;Living;Elegante;Elegancia;Protagonista;Digital/3D
3051;Pluma de Luz;Plumas;General;Metálico;dorado, azul;Horizontal;Living;Elegante;Elegancia;Protagonista;Digital/3D
3052;El Camino del Aire;Plumas;General;Metálico;plateado, dorado;Horizontal;Living;Industrial;Calma;Equilibrado;Pictórica
3053;Esencia del Viento;Plumas;General;Metálico;plateado, blanco;Horizontal;Living;Elegante;Calma;Protagonista;Pictórica
3054;Hoja de Oro;Botanica;Hojas;Metálico;amarillo, dorado;Vertical;Living;Elegante;Elegancia;Protagonista;Fotográfica
3055;Sabiduría de la Tierra;Mujer;Rostros étnicos;Cálido;marrón, naranja;Vertical;Hall de Entrada;Elegante;Fuerza;Protagonista;Digital/3D
3056;Belleza Sagrada;Mujer;Rostros étnicos;Metálico;dorado, amarillo;Vertical;Hall de Entrada;Elegante;Elegancia;Protagonista;Digital/3D
3057;Legado Ancestral;Mujer;Rostros étnicos;Cálido;dorado, marrón;Vertical;Hall de Entrada;Elegante;Fuerza;Protagonista;Digital/3D
3058;Historia en el Rostro;Mujer;Rostros étnicos;Metálico;dorado, naranja;Vertical;Hall de Entrada;Elegante;Elegancia;Protagonista;Digital/3D
3059;Sabiduría Eterna;Mujer;Rostros étnicos;Metálico;dorado, amarillo;Vertical;Hall de Entrada;Elegante;Elegancia;Protagonista;Digital/3D
3060;Encuentro bajo el Árbol;Romantico;pareja;Frío;rojo, naranja;Horizontal;Dormitorio;Clásico;Romanticismo;Protagonista;Pictórica
3061;Raíces del Tiempo;Mujer;Rostros étnicos;Vibrante;amarillo, naranja;Vertical;Hall de Entrada;Moderno;Alegría;Protagonista;Digital/3D
3062;Bajo la Vía Láctea 2;Paisajes;General;Oscuro;violeta, naranja;Horizontal;Dormitorio;Moderno;Inspiración;Protagonista;Collage/Mixta
3063;Oso de Bambú;Animales;Pandas;Oscuro;verde, marrón;Horizontal;Infantil/Juvenil;Nórdico;Calma;Protagonista;Digital/3D
3064;Rugido Silencioso;Animales;Felinos;Cálido;naranja, plateado;Vertical;Hall de Entrada;Moderno;Fuerza;Protagonista;Digital/3D
3065;Geometría del Alma 2;Abstracto;General;Frío;naranja, azul;Horizontal;Living;Elegante;Misterio;Protagonista;Abstracta
3066;Valle Sereno;Paisajes;General;Cálido;naranja, violeta;Horizontal;Living;Nórdico;Calma;Protagonista;Pictórica
3067;Caos Armónico 2;Abstracto;General;Oscuro;violeta, rosa;Horizontal;Living;Moderno;Misterio;Protagonista;Abstracta
3068;Trazo Libre 2;Abstracto;General;Cálido;naranja, rojo;Horizontal;Living;Moderno;Energía;Protagonista;Abstracta
3069;El Rostro de la Historia;Mujer;Rostros étnicos;Metálico;negro, amarillo;Horizontal;Hall de Entrada;Minimalista;Misterio;Protagonista;Fotográfica
3070;Fuerza del Origen;Mujer;Rostros étnicos;Frío;marrón, dorado;Horizontal;Hall de Entrada;Boho;Fuerza;Protagonista;Fotográfica
3071;Tierra Eterna;Mujer;Rostros étnicos;Cálido;naranja, marrón;Horizontal;Hall de Entrada;Boho;Misterio;Protagonista;Collage/Mixta
3072;Presencia Eterna;Mujer;Rostros étnicos;Frío;plateado, dorado;Horizontal;Living;Boho;Libertad;Protagonista;Collage/Mixta
3073;Camino en Flor;Paisajes;Bosque;Pastel;verde, rosa;Horizontal;Living;Nórdico;Calma;Protagonista;Pictórica
3074;Trote Libre;Animales;Caballos;Metálico;plateado, gris;Horizontal;Living;Clásico;Libertad;Protagonista;Pictórica
3075;Mancha de Color;Abstracto;General;Vibrante;naranja, violeta;Horizontal;Living;Moderno;Energía;Protagonista;Abstracta
3076;Rostro entre Hojas;Mujer;General;Cálido;naranja, marrón;Vertical;Dormitorio;Boho;Calma;Equilibrado;Pictórica
3077;Elegancia en Rosa;Mujer;General;Pastel;rosa, rojo;Vertical;Dormitorio;Elegante;Romanticismo;Protagonista;Pictórica
3079;Torre Eiffel Ilustrada;Paisajes;Ciudades;Cálido;rojo, rosa;Horizontal;Living;Boho;Inspiración;Protagonista;Ilustrativa
3080;Torre sobre París;Paisajes;Ciudades;Tierra;violeta, verde;Horizontal;Living;Industrial;Fuerza;Protagonista;Fotográfica
3081;Vibración Visual;Abstracto;General;Frío;negro, gris;Horizontal;Living;Moderno;Energía;Protagonista;Abstracta
3082;Cruce de Colores;Abstracto;General;Vibrante;dorado, amarillo;Horizontal;Living;Clásico;Energía;Protagonista;Pictórica
3083;Cima Serena;Paisajes;Montañas;Frío;plateado, amarillo;Horizontal;Living;Nórdico;Calma;Equilibrado;Digital/3D
3084;Rostro de Catrina;Mujer;Rostros étnicos;Oscuro;rojo, dorado;Horizontal;Hall de Entrada;Boho;Misterio;Protagonista;Fotográfica
3085;Catrina Ilustrada;Mujer;Rostros étnicos;Cálido;naranja, dorado;Horizontal;Hall de Entrada;Boho;Misterio;Protagonista;Ilustrativa
3086;Catrina con Sombrero;Mujer;Rostros étnicos;Oscuro;negro, plateado;Horizontal;Hall de Entrada;Industrial;Misterio;Protagonista;Fotográfica
3087;Mirada Multicolor;Mujer;General;Vibrante;verde, dorado;Horizontal;Hall de Entrada;Moderno;Energía;Protagonista;Fotográfica
3088;Mandala Fractal;Abstracto;General;Vibrante;naranja, amarillo;Horizontal;Living;Boho;Armonía;Protagonista;Abstracta
3089;Loto sobre el Agua;Botanica;Flores;Pastel;violeta, azul;Horizontal;Dormitorio;Nórdico;Calma;Suave;Fotográfica
3090;Ritual de Orquídeas 2;Botanica;Flores;Vibrante;violeta, negro;Horizontal;Baño;Nórdico;Calma;Equilibrado;Fotográfica
3091;Quietud del Alma;Budismo;General;Pastel;violeta, azul;Horizontal;Dormitorio;Nórdico;Calma;Protagonista;Fotográfica
3092;Calma entre Velas;Botanica;Flores;Oscuro;rojo, violeta;Horizontal;Baño;Elegante;Calma;Protagonista;Fotográfica
3093;Orquídea en Calma;Botanica;Flores;Pastel;rosa, violeta;Horizontal;Baño;Nórdico;Calma;Suave;Fotográfica
3094;Luz y Humo;Budismo;General;Oscuro;plateado, naranja;Horizontal;Baño;Minimalista;Misterio;Protagonista;Fotográfica
3095;Bambú bajo la Nieve;Paisajes;General;Frío;verde, blanco;Horizontal;Living;Nórdico;Calma;Protagonista;Fotográfica
3096;Ritual de la Cosecha;Bodegas;General;Cálido;rojo, violeta;Horizontal;Comedor;Clásico;Elegancia;Protagonista;Fotográfica
3097;El Color del Verano;Comida;Frutas;Cálido;naranja, amarillo;Horizontal;Comedor;Clásico;Calma;Protagonista;Fotográfica
3098;El Huerto Fresco;Comida;Frutas;Vibrante;naranja, rojo;Horizontal;Comedor;Clásico;Elegancia;Protagonista;Pictórica
3099;El Sabor del Huerto;Comida;Frutas;Vibrante;violeta, rojo;Horizontal;Comedor;Clásico;Calma;Protagonista;Fotográfica
3100;Peonías Blancas;Botanica;Flores;Pastel;blanco, naranja;Horizontal;Comedor;Clásico;Elegancia;Protagonista;Pictórica
3101;Delirio Cromático;Abstracto;General;Metálico;dorado, naranja;Horizontal;Living;Elegante;Misterio;Protagonista;Abstracta
3102;Girasoles y Frutas;Botanica;Flores;Cálido;amarillo, naranja;Horizontal;Comedor;Clásico;Alegría;Protagonista;Fotográfica
3103;Girasoles al Sol;Botanica;Flores;Vibrante;amarillo, naranja;Horizontal;Living;Boho;Energía;Protagonista;Pictórica
3104;Frutos Frescos;Comida;Frutas;Vibrante;violeta, naranja;Horizontal;Cocina;Moderno;Alegría;Protagonista;Collage/Mixta
3105;Fuerza Natural;Paisajes;Cataratas;Cálido;naranja, rojo;Horizontal;Living;Nórdico;Calma;Protagonista;Fotográfica
3106;Vértigo de Agua;Paisajes;Cataratas;Pastel;rosa, violeta;Horizontal;Living;Moderno;Energía;Protagonista;Fotográfica
3107;El Rugido del Agua;Paisajes;Cataratas;Vibrante;naranja, azul;Horizontal;Living;Moderno;Energía;Protagonista;Fotográfica
3108;Torrente Sereno;Paisajes;Cataratas;Cálido;naranja, amarillo;Horizontal;Living;Industrial;Misterio;Protagonista;Fotográfica
3109;Rincón del Silencio;Paisajes;General;Cálido;azul, amarillo;Horizontal;Living;Nórdico;Calma;Equilibrado;Fotográfica
3110;Bosque Reflejado;Paisajes;Bosque;Vibrante;naranja, violeta;Horizontal;Living;Moderno;Alegría;Protagonista;Fotográfica
3111;Costa al Atardecer;Paisajes;Playa;Cálido;naranja, rojo;Horizontal;Living;Moderno;Energía;Protagonista;Fotográfica
3112;Reflejo del Atardecer;Paisajes;Playa;Cálido;naranja, amarillo;Horizontal;Living;Moderno;Misterio;Protagonista;Fotográfica
3113;Muelle al Atardecer;Paisajes;Playa;Cálido;naranja, amarillo;Horizontal;Living;Moderno;Inspiración;Protagonista;Fotográfica
3114;El Reflejo del Océano;Paisajes;Playa;Cálido;naranja, amarillo;Horizontal;Living;Moderno;Energía;Protagonista;Fotográfica
3115;El Susurro Eterno del Mar;Paisajes;Playa;Vibrante;naranja, verde;Horizontal;Living;Nórdico;Calma;Protagonista;Fotográfica
3116;El Canto de las Olas;Paisajes;Playa;Vibrante;naranja, verde;Horizontal;Living;Nórdico;Calma;Protagonista;Fotográfica
3117;Luces al Anochecer;Paisajes;Ciudades;Frío;plateado, violeta;Horizontal;Living;Industrial;Misterio;Protagonista;Fotográfica
3118;Puente bajo la Luna;Paisajes;Ciudades;Oscuro;plateado, gris;Horizontal;Living;Industrial;Misterio;Protagonista;Fotográfica
3119;Brooklyn de Noche;Paisajes;Ciudades;Frío;violeta, naranja;Horizontal;Living;Industrial;Energía;Protagonista;Fotográfica
3120;Big Ben al Anochecer;Paisajes;Ciudades;Oscuro;violeta, amarillo;Horizontal;Living;Clásico;Misterio;Protagonista;Fotográfica
3121;Big Ben Nocturno;Paisajes;Ciudades;Oscuro;violeta, amarillo;Horizontal;Living;Industrial;Misterio;Protagonista;Fotográfica
3122;Westminster sobre el Támesis;Paisajes;Ciudades;Oscuro;violeta, naranja;Horizontal;Living;Clásico;Elegancia;Protagonista;Fotográfica
3123;Westminster al Atardecer;Paisajes;Ciudades;Pastel;violeta, amarillo;Horizontal;Living;Clásico;Inspiración;Protagonista;Fotográfica
3124;Tower Bridge Nocturno 2;Paisajes;Ciudades;Oscuro;violeta, plateado;Horizontal;Living;Industrial;Misterio;Protagonista;Fotográfica
3125;Big Ben al Ocaso;Paisajes;Ciudades;Pastel;violeta, rosa;Horizontal;Living;Elegante;Romanticismo;Protagonista;Fotográfica
3126;Cruce de Historias;Paisajes;Ciudades;Pastel;violeta, azul;Horizontal;Living;Boho;Inspiración;Protagonista;Collage/Mixta
3127;Ciclo Eterno;Botanica;Hojas;Vibrante;amarillo, verde;Horizontal;Living;Nórdico;Calma;Equilibrado;Fotográfica
3128;Textura del Alma;Abstracto;General;Vibrante;azul, verde;Horizontal;Living;Moderno;Energía;Protagonista;Abstracta
3129;El Origen del Trazo;Abstracto;General;Vibrante;violeta, rosa;Horizontal;Living;Moderno;Energía;Protagonista;Abstracta
3130;Dos Hemisferios;Abstracto;General;Vibrante;marrón, dorado;Horizontal;Oficina;Moderno;Inspiración;Protagonista;Collage/Mixta
3131;Libertad de Forma;Abstracto;General;Vibrante;amarillo, violeta;Horizontal;Living;Moderno;Energía;Protagonista;Abstracta
3132;Bloques de Color;Animales;Aves;Vibrante;amarillo, azul;Horizontal;Living;Moderno;Alegría;Protagonista;Abstracta
3133;Aves entre Nubes;Mujer;General;Pastel;plateado, rosa;Horizontal;Infantil/Juvenil;Moderno;Romanticismo;Protagonista;Ilustrativa
3134;Mirada Pop;Animales;Elefantes;Vibrante;rojo, dorado;Horizontal;Dormitorio;Moderno;Energía;Protagonista;Collage/Mixta
3139;Elefante con Estilo;Mujer;General;Vibrante;naranja, amarillo;Horizontal;Infantil/Juvenil;Moderno;Alegría;Protagonista;Collage/Mixta
3142;Sorpresa Pop;Paisajes;General;Vibrante;rojo, naranja;Horizontal;Infantil/Juvenil;Moderno;Energía;Protagonista;Ilustrativa
3144;Sol entre Flores;Paisajes;General;Vibrante;amarillo, naranja;Horizontal;Infantil/Juvenil;Moderno;Alegría;Protagonista;Ilustrativa
3145;Jardín Retro;Animales;Lobos;Vibrante;naranja, marrón;Horizontal;Infantil/Juvenil;Boho;Alegría;Protagonista;Ilustrativa
3151;Lobo de Otoño;Bodegas;General;Cálido;naranja, rojo;Horizontal;Infantil/Juvenil;Moderno;Misterio;Protagonista;Digital/3D
3152;Noche de Vendimia;Mujer;General;Cálido;violeta, rojo;Horizontal;Comedor;Industrial;Misterio;Protagonista;Fotográfica
3153;Mujer Auténtica;Mujer;General;Pastel;rosa, plateado;Horizontal;Living;Moderno;Alegría;Protagonista;Ilustrativa
3155;Historias Pop;Abstracto;General;Vibrante;violeta, amarillo;Horizontal;Infantil/Juvenil;Moderno;Energía;Protagonista;Collage/Mixta
3156;Armonía Fragmentada;Abstracto;General;Vibrante;dorado, amarillo;Horizontal;Living;Moderno;Alegría;Protagonista;Abstracta
3157;Espíritu en Movimiento;Abstracto;General;Cálido;naranja, rosa;Vertical;Living;Elegante;Elegancia;Protagonista;Abstracta
3159;Alas de Luz 2;Alas;General;Neutro;plateado, blanco;Horizontal;Dormitorio;Minimalista;Inspiración;Protagonista;Digital/3D
3160;Abrazo Celestial;Alas;General;Neutro;plateado, blanco;Horizontal;Dormitorio;Minimalista;Inspiración;Protagonista;Digital/3D
3161;Arco del Triunfo;Paisajes;Ciudades;Cálido;naranja, verde;Horizontal;Living;Clásico;Energía;Protagonista;Fotográfica
3162;Donde Florece el Alma 3;Botanica;Arboles;Vibrante;marrón, verde;Horizontal;Living;Boho;Armonía;Protagonista;Pictórica
3163;Trazo Emocional;Abstracto;General;Pastel;rosa, beige;Horizontal;Dormitorio;Elegante;Calma;Suave;Abstracta
3164;Brío Salvaje;Animales;Caballos;Metálico;negro, plateado;Horizontal;Living;Minimalista;Fuerza;Protagonista;Fotográfica
3166;Ternura Maternal;Mujer;Madre & hijo;Cálido;amarillo, naranja;Horizontal;Dormitorio;Boho;Armonía;Protagonista;Ilustrativa
3167;Brooklyn Nocturno;Mujer;Madre & hijo;Oscuro;plateado, rojo;Horizontal;Living;Industrial;Energía;Protagonista;Fotográfica
3168;Postal Nocturna;Paisajes;Ciudades;Vibrante;verde, violeta;Horizontal;Living;Industrial;Energía;Protagonista;Fotográfica
3169;Rostros Pop;Mujer;General;Cálido;naranja, amarillo;Horizontal;Dormitorio;Moderno;Alegría;Protagonista;Collage/Mixta
3170;Nueva York Gráfica;Paisajes;Ciudades;Vibrante;rojo, rosa;Horizontal;Oficina;Moderno;Energía;Protagonista;Collage/Mixta
3174;Árbol del Amor;Mujer;Mona Lisa;Blanco y Negro;marrón, gris;Horizontal;Living;Clásico;Armonía;Protagonista;Digital/3D
3175;Juntos ante el Horizonte;Botanica;Arboles;Cálido;naranja, rojo;Horizontal;Dormitorio;Nórdico;Romanticismo;Protagonista;Fotográfica
3176;Ciervo Multicolor;Romantico;pareja;Vibrante;violeta, rosa;Horizontal;Infantil/Juvenil;Moderno;Alegría;Protagonista;Ilustrativa
3177;Empire State al Atardecer;Animales;Ciervo;Pastel;violeta, rosa;Vertical;Living;Moderno;Energía;Protagonista;Fotográfica
3178;Esplendor Metropolitano;Paisajes;Ciudades;Metálico;amarillo, naranja;Horizontal;Living;Industrial;Energía;Protagonista;Fotográfica
3179;Horizonte de Acero;Paisajes;Ciudades;Cálido;naranja, amarillo;Horizontal;Living;Moderno;Inspiración;Protagonista;Fotográfica
3180;Chicago Nocturno;Paisajes;Ciudades;Pastel;violeta, rojo;Horizontal;Living;Moderno;Energía;Protagonista;Fotográfica
3181;Empire State en Magenta;Paisajes;Ciudades;Pastel;violeta, rosa;Vertical;Living;Moderno;Energía;Protagonista;Fotográfica
3182;Libertad entre la Niebla;Paisajes;Ciudades;Oscuro;violeta, naranja;Vertical;Living;Industrial;Misterio;Protagonista;Fotográfica
3183;Instinto de Amor;mujer;Madre & hijo;Cálido;naranja, marrón;Vertical;Dormitorio;Nórdico;Armonía;Protagonista;Collage/Mixta
3184;Balcones de París;Paisajes;Ciudades;Cálido;beige, dorado;Horizontal;Living;Clásico;Elegancia;Protagonista;Fotográfica
3185;Lazo de Amor;Mujer;Madre & hijo;Cálido;naranja, violeta;Horizontal;Dormitorio;Boho;Armonía;Protagonista;Collage/Mixta
3186;El Alma del Gigante;Animales;Elefantes;Metálico;plateado, gris;Horizontal;Infantil/Juvenil;Minimalista;Inspiración;Equilibrado;Digital/3D
3187;El Primer Abrazo;Mujer;Madre & hijo;Frío;azul, amarillo;Vertical;Dormitorio;Boho;Armonía;Protagonista;Ilustrativa
3188;Ciudad en Calma;Paisajes;Ciudades;Metálico;violeta, amarillo;Horizontal;Living;Industrial;Energía;Protagonista;Fotográfica
3189;La Mirada del Cazador;Animales;Felinos;Frío;naranja, plateado;Horizontal;Infantil/Juvenil;Industrial;Fuerza;Protagonista;Digital/3D
3190;Memoria del Gigante;Animales;Elefantes;Tierra;beige, marrón;Horizontal;Living;Nórdico;Fuerza;Protagonista;Fotográfica
3191;El Vínculo Más Puro;Mujer;Madre & hijo;Cálido;blanco, beige;Horizontal;Dormitorio;Minimalista;Armonía;Suave;Pictórica
3192;Panorama Nocturno;Paisajes;Ciudades;Metálico;naranja, violeta;Horizontal;Living;Clásico;Inspiración;Protagonista;Collage/Mixta
3193;Libertad bajo la Luna;Paisajes;Ciudades;Pastel;violeta, naranja;Horizontal;Living;Clásico;Misterio;Protagonista;Collage/Mixta
3194;Libertad Nocturna 1;Paisajes;Ciudades;Frío;violeta, plateado;Horizontal;Living;Moderno;Energía;Protagonista;Fotográfica
3195;Galope Libre;Animales;Caballos;Oscuro;azul, violeta;Horizontal;Living;Moderno;Libertad;Protagonista;Digital/3D
3198;Rinoceronte con Estilo;Animales;Rinoceronte;Vibrante;violeta, naranja;Horizontal;Infantil/Juvenil;Moderno;Alegría;Protagonista;Collage/Mixta
3199;Jirafa con Estilo;Animales;Jirafas;Vibrante;amarillo, violeta;Horizontal;Infantil/Juvenil;Moderno;Alegría;Protagonista;Ilustrativa
3200;Jirafa de Neón;Animales;Jirafas;Vibrante;naranja, azul;Horizontal;Infantil/Juvenil;Moderno;Energía;Protagonista;Digital/3D
3201;Primavera en París;Paisajes;Ciudades;Cálido;amarillo, beige;Horizontal;Living;Clásico;Elegancia;Protagonista;Fotográfica
3202;Empire State entre Rosas;Paisajes;Ciudades;Pastel;rosa, beige;Horizontal;Living;Elegante;Romanticismo;Protagonista;Collage/Mixta
3203;Majestad Silvestre;Animales;Felinos;Frío;violeta, rosa;Horizontal;Infantil/Juvenil;Moderno;Fuerza;Protagonista;Digital/3D
3204;Tigre de Neón junto al Mar;Animales;Felinos;Vibrante;rosa, rojo;Horizontal;Infantil/Juvenil;Moderno;Fuerza;Protagonista;Digital/3D
3205;Silueta Felina;Animales;Felinos;Frío;naranja, violeta;Horizontal;Infantil/Juvenil;Moderno;Misterio;Protagonista;Digital/3D
3206;Espíritu Salvaje y Sereno;Animales;Felinos;Frío;rojo, violeta;Horizontal;Infantil/Juvenil;Moderno;Fuerza;Protagonista;Digital/3D
3207;Elegancia Innata;Animales;Felinos;Pastel;plateado, rosa;Horizontal;Infantil/Juvenil;Moderno;Fuerza;Protagonista;Digital/3D
3208;Verano Pop;Paisajes;General;Vibrante;naranja, amarillo;Horizontal;Infantil/Juvenil;Moderno;Alegría;Protagonista;Ilustrativa
3209;Avenida Dorada;Paisajes;Ciudades;Cálido;naranja, amarillo;Horizontal;Living;Clásico;Energía;Protagonista;Fotográfica
3210;Promesa de Amor;Romantico;pareja;Cálido;naranja, amarillo;Horizontal;Dormitorio;Nórdico;Romanticismo;Protagonista;Fotográfica
3211;Rostro de la Libertad;Paisajes;Ciudades;Oscuro;plateado, naranja;Horizontal;Living;Industrial;Fuerza;Protagonista;Fotográfica
3212;Libertad sobre Manhattan;Paisajes;Ciudades;Frío;verde, violeta;Vertical;Living;Moderno;Inspiración;Protagonista;Fotográfica
3213;Libre para Volar;Alas;General;Neutro;plateado, blanco;Horizontal;Dormitorio;Minimalista;Inspiración;Protagonista;Digital/3D
3215;Espíritu Libre;Alas;General;Metálico;plateado, gris;Horizontal;Living;Industrial;Fuerza;Protagonista;Digital/3D
3217;Alas Celestiales;Alas;General;Neutro;plateado, blanco;Horizontal;Dormitorio;Minimalista;Inspiración;Protagonista;Digital/3D
3219;Entre Cielo y Luz;Alas;General;Blanco y Negro;plateado, blanco;Horizontal;Dormitorio;Minimalista;Calma;Suave;Digital/3D
3221;Encanto Puro;Mujer;General;Cálido;naranja, dorado;Horizontal;Dormitorio;Moderno;Alegría;Protagonista;Collage/Mixta
3222;Jirafa Pop;Animales;Jirafas;Vibrante;rosa, marrón;Horizontal;Infantil/Juvenil;Moderno;Alegría;Protagonista;Ilustrativa
3223;Pulso de la Metrópolis;Paisajes;Ciudades;Oscuro;amarillo, dorado;Horizontal;Living;Industrial;Misterio;Protagonista;Fotográfica
3224;El Mapa de los Sueños;Mapamundi;General;Pastel;violeta, azul;Horizontal;Oficina;Boho;Calma;Equilibrado;Ilustrativa
3225;Dulce Mirada Pop;Mujer;General;Vibrante;verde, rojo;Horizontal;Dormitorio;Moderno;Alegría;Protagonista;Collage/Mixta
3226;Flor Eterna;Botanica;Flores;Neutro;rojo, naranja;Vertical;Dormitorio;Boho;Romanticismo;Protagonista;Pictórica
3227;Taxis de Nueva York;Paisajes;Ciudades;Metálico;amarillo, naranja;Horizontal;Living;Industrial;Energía;Protagonista;Fotográfica
3228;El Alma en Formas;Abstracto;General;Vibrante;violeta, rosa;Horizontal;Living;Moderno;Energía;Protagonista;Abstracta
3229;Sintonía Perfecta;Romantico;pareja;Pastel;amarillo, azul;Horizontal;Dormitorio;Boho;Romanticismo;Protagonista;Digital/3D
3230;Rey Multicolor;Animales;Felinos;Vibrante;violeta, dorado;Horizontal;Hall de Entrada;Moderno;Fuerza;Protagonista;Ilustrativa
3231;Ruta de Neón;Paisajes;General;Frío;rosa, naranja;Horizontal;Infantil/Juvenil;Moderno;Libertad;Protagonista;Digital/3D
3232;Puente sobre el Hudson;Paisajes;Ciudades;Metálico;gris, plateado;Horizontal;Living;Industrial;Misterio;Protagonista;Fotográfica
3233;Destello Urbano;Paisajes;Ciudades;Tierra;violeta, rojo;Vertical;Living;Moderno;Romanticismo;Protagonista;Fotográfica
3234;Amanecer sobre la Urbe;Paisajes;Ciudades;Pastel;violeta, rojo;Horizontal;Living;Moderno;Energía;Protagonista;Fotográfica
3236;Beso entre Luces;Mujer;Rostros étnicos;Frío;violeta, naranja;Horizontal;Dormitorio;Minimalista;Romanticismo;Equilibrado;Digital/3D
3237;Latidos Compartidos;Romantico;pareja;Cálido;naranja, amarillo;Horizontal;Dormitorio;Nórdico;Romanticismo;Protagonista;Fotográfica
3238;Complicidad Sincera;Romantico;pareja;Cálido;naranja, amarillo;Horizontal;Dormitorio;Nórdico;Romanticismo;Protagonista;Fotográfica
3239;Vínculo Sincero;Romantico;pareja;Cálido;naranja, amarillo;Horizontal;Dormitorio;Moderno;Romanticismo;Protagonista;Digital/3D
3240;El Lazo del Amor;Romantico;pareja;Cálido;naranja, amarillo;Horizontal;Dormitorio;Nórdico;Romanticismo;Protagonista;Fotográfica
3241;Unión de Almas;Romantico;pareja;Metálico;plateado, naranja;Horizontal;Dormitorio;Elegante;Romanticismo;Protagonista;Fotográfica
3242;Movimiento Interior;Abstracto;General;Vibrante;naranja, amarillo;Horizontal;Living;Moderno;Energía;Protagonista;Abstracta
3243;Geometría Urbana;Paisajes;Ciudades;Cálido;plateado, gris;Horizontal;Living;Clásico;Inspiración;Protagonista;Fotográfica
3244;Icono Nocturno;Paisajes;Ciudades;Metálico;plateado, naranja;Vertical;Living;Industrial;Energía;Protagonista;Fotográfica
3245;Cumbres de Neón 2;Paisajes;Montañas;Pastel;rosa, violeta;Horizontal;Infantil/Juvenil;Moderno;Energía;Protagonista;Digital/3D
3246;Alas del Alma;Alas;General;Blanco y Negro;plateado, gris;Horizontal;Dormitorio;Minimalista;Calma;Equilibrado;Digital/3D
3248;Alas de Esperanza;Alas;General;Neutro;plateado, blanco;Horizontal;Dormitorio;Minimalista;Inspiración;Protagonista;Digital/3D
3250;Bulldog Pop;Animales;Perros;Vibrante;violeta, dorado;Horizontal;Infantil/Juvenil;Moderno;Alegría;Protagonista;Digital/3D
3251;Concreto y Cielo;Paisajes;Ciudades;Frío;violeta, rojo;Horizontal;Living;Moderno;Energía;Protagonista;Fotográfica
3252;Calle con Historia;Paisajes;Ciudades;Frío;plateado, azul;Horizontal;Living;Clásico;Misterio;Protagonista;Fotográfica
3253;Amor Correspondido;Romantico;pareja;Pastel;azul, amarillo;Horizontal;Dormitorio;Boho;Romanticismo;Protagonista;Ilustrativa
3254;Historia de Dos;Romantico;pareja;Cálido;naranja, amarillo;Horizontal;Dormitorio;Elegante;Romanticismo;Protagonista;Fotográfica
3255;El Arte de Amar;Romantico;pareja;Cálido;naranja, amarillo;Horizontal;Dormitorio;Moderno;Romanticismo;Protagonista;Fotográfica
3256;Amor Incondicional;Mujer;Madre & hijo;Cálido;marrón, rojo;Vertical;Dormitorio;Clásico;Armonía;Protagonista;Pictórica
3257;Caos Ordenado;Abstracto;General;Frío;verde, dorado;Horizontal;Living;Elegante;Elegancia;Equilibrado;Abstracta
3258;Primavera en Manhattan;Paisajes;Ciudades;Tierra;amarillo, violeta;Horizontal;Living;Elegante;Romanticismo;Protagonista;Fotográfica
3259;Vida de Campo;Animales;Vacas;Vibrante;violeta, rosa;Horizontal;Infantil/Juvenil;Moderno;Alegría;Protagonista;Digital/3D
3260;Instante Romántico;Romantico;pareja;Pastel;azul, blanco;Horizontal;Dormitorio;Boho;Romanticismo;Equilibrado;Pictórica
3261;Empire State;Paisajes;Ciudades;Tierra;plateado, amarillo;Vertical;Living;Industrial;Inspiración;Protagonista;Fotográfica
3262;Alma Metropolitana;Paisajes;Ciudades;Blanco y Negro;gris, plateado;Horizontal;Living;Industrial;Fuerza;Protagonista;Fotográfica
3263;Urbe Serena;Paisajes;Ciudades;Frío;naranja, amarillo;Vertical;Living;Industrial;Energía;Protagonista;Fotográfica
3264;Libertad Nocturna 2;Paisajes;Ciudades;Frío;azul, plateado;Horizontal;Living;Moderno;Misterio;Protagonista;Fotográfica
3265;Ala de Luz;Alas;General;Neutro;plateado, blanco;Horizontal;Dormitorio;Minimalista;Calma;Suave;Digital/3D
3266;Jardín Luminoso;Botanica;Flores;Vibrante;amarillo, marrón;Horizontal;Living;Boho;Alegría;Protagonista;Pictórica
3267;Jardín Callado;Botanica;Flores;Vibrante;amarillo, naranja;Horizontal;Living;Boho;Alegría;Equilibrado;Pictórica
3268;Sombra Verde;Paisajes;Bosque;Vibrante;verde, naranja;Horizontal;Living;Boho;Energía;Protagonista;Collage/Mixta
3269;Alianza Salvaje 1;Animales;Felinos;Metálico;plateado, blanco;Vertical;Hall de Entrada;Elegante;Fuerza;Protagonista;Collage/Mixta
3270;Juego Cromático;Abstracto;General;Vibrante;dorado, naranja;Horizontal;Living;Moderno;Energía;Protagonista;Abstracta
3271;Encuentro de Texturas;Abstracto;General;Vibrante;naranja, dorado;Horizontal;Living;Elegante;Energía;Protagonista;Abstracta
3272;Capas del Alma;Abstracto;General;Frío;rojo, gris;Horizontal;Living;Moderno;Energía;Protagonista;Abstracta
3273;Trazo Espontáneo;Abstracto;General;Oscuro;rojo, negro;Horizontal;Living;Industrial;Fuerza;Protagonista;Abstracta
3274;Vórtice de Color;Abstracto;General;Metálico;plateado, dorado;Horizontal;Living;Elegante;Elegancia;Protagonista;Abstracta
3275;Aura Serena;Mujer;General;Metálico;amarillo, gris;Horizontal;Hall de Entrada;Elegante;Elegancia;Protagonista;Collage/Mixta
3276;Mirada Genuina;Mujer;General;Tierra;beige, marrón;Horizontal;Hall de Entrada;Boho;Fuerza;Protagonista;Collage/Mixta
3277;Flores de Papel;Botanica;Flores;Neutro;beige, blanco;Horizontal;Living;Elegante;Calma;Protagonista;Digital/3D
3278;Beso de Infancia;Romantico;pareja;Cálido;naranja, amarillo;Vertical;Infantil/Juvenil;Boho;Romanticismo;Protagonista;Pictórica
3279;Instante Perfumado;Botanica;Flores;Cálido;naranja, rojo;Horizontal;Living;Boho;Alegría;Protagonista;Pictórica
3280;Descanso Tropical 2;Paisajes;Playa;Cálido;naranja, amarillo;Vertical;Living;Nórdico;Calma;Protagonista;Fotográfica
3281;Esencia Delicada;Botanica;Flores;Vibrante;naranja, amarillo;Horizontal;Living;Clásico;Alegría;Protagonista;Fotográfica
3282;Caída de Agua Eterna;Paisajes;Cataratas;Frío;verde, violeta;Horizontal;Living;Moderno;Fuerza;Protagonista;Fotográfica
3283;Poder del Agua;Paisajes;Cataratas;Pastel;verde, violeta;Horizontal;Living;Moderno;Fuerza;Protagonista;Fotográfica
3284;Delicadeza Eterna;Botanica;Flores;Cálido;rojo, amarillo;Horizontal;Living;Moderno;Energía;Protagonista;Fotográfica
3285;Libertad Alada;Animales;Aves;Frío;blanco, plateado;Horizontal;Living;Elegante;Libertad;Protagonista;Pictórica
3286;Vuelo hacia el Horizonte;Animales;Aves;Metálico;plateado, dorado;Horizontal;Living;Clásico;Elegancia;Protagonista;Pictórica
3287;Grulla Dorada;Animales;Aves;Metálico;dorado, blanco;Horizontal;Living;Elegante;Libertad;Protagonista;Pictórica
3288;Rincón Perfumado;Botanica;Flores;Vibrante;rojo, naranja;Horizontal;Living;Moderno;Alegría;Protagonista;Fotográfica
3289;El Vuelo de la Libertad;Animales;Aves;Vibrante;naranja, amarillo;Horizontal;Living;Boho;Alegría;Protagonista;Pictórica
3290;Melodía del Cielo;Animales;Aves;Vibrante;verde, rosa;Horizontal;Infantil/Juvenil;Boho;Alegría;Protagonista;Pictórica
3291;Vuelo hacia lo Alto;Animales;Aves;Frío;violeta, azul;Horizontal;Living;Boho;Libertad;Protagonista;Pictórica
3292;Colibrí Azul;Animales;Aves;Pastel;azul, violeta;Horizontal;Living;Nórdico;Calma;Protagonista;Digital/3D
3293;Colibrí Mecánico;Animales;Aves;Oscuro;plateado, rojo;Horizontal;Infantil/Juvenil;Industrial;Misterio;Protagonista;Digital/3D
3294;Vuelo Etéreo;Animales;Aves;Cálido;naranja, rojo;Horizontal;Living;Nórdico;Calma;Equilibrado;Fotográfica
3295;Ave Tropical;Animales;Aves;Vibrante;naranja, azul;Horizontal;Living;Boho;Alegría;Protagonista;Pictórica
3296;Alas Libres;Animales;Aves;Frío;azul, verde;Horizontal;Living;Nórdico;Libertad;Protagonista;Fotográfica
3297;Colibrí entre Flores;Animales;Aves;Vibrante;verde, violeta;Horizontal;Living;Nórdico;Calma;Equilibrado;Fotográfica
3298;Jardín de Colibrí;Animales;Aves;Vibrante;violeta, verde;Horizontal;Living;Elegante;Elegancia;Protagonista;Digital/3D
3299;Presencia Alada;Animales;Aves;Vibrante;verde, rosa;Horizontal;Living;Nórdico;Alegría;Protagonista;Fotográfica
3300;Danza en el Aire;Animales;Aves;Pastel;verde, violeta;Horizontal;Living;Boho;Calma;Protagonista;Pictórica
3301;La Fuerza de las Alas;Alas;General;Oscuro;plateado, gris;Vertical;Dormitorio;Moderno;Misterio;Protagonista;Collage/Mixta
3302;Libertad Eterna;Alas;General;Blanco y Negro;plateado, gris;Vertical;Dormitorio;Moderno;Misterio;Protagonista;Collage/Mixta
3303;El Cielo Interior;Alas;General;Oscuro;plateado, gris;Vertical;Dormitorio;Moderno;Misterio;Protagonista;Collage/Mixta
3304;El Alma del Vuelo;Alas;General;Neutro;plateado, gris;Vertical;Dormitorio;Moderno;Inspiración;Protagonista;Collage/Mixta
3305;Alas del Infinito;Alas;General;Frío;plateado, gris;Vertical;Dormitorio;Moderno;Misterio;Protagonista;Collage/Mixta
3306;El Vuelo del Alma 2;Alas;General;Neutro;azul, plateado;Vertical;Dormitorio;Boho;Inspiración;Protagonista;Collage/Mixta
3307;Ángel de Luz;Alas;General;Neutro;gris, blanco;Vertical;Dormitorio;Moderno;Libertad;Protagonista;Collage/Mixta
3308;Expresión Libre;Abstracto;General;Vibrante;naranja, amarillo;Horizontal;Living;Elegante;Elegancia;Protagonista;Abstracta
3309;Abstracción Pura;Abstracto;General;Vibrante;violeta, dorado;Horizontal;Dormitorio;Elegante;Calma;Equilibrado;Abstracta
3311;Encuentro de Miradas;Romantico;pareja;Cálido;amarillo, naranja;Vertical;Dormitorio;Boho;Romanticismo;Protagonista;Pictórica
3312;Momento Íntimo;Romantico;pareja;Oscuro;amarillo, naranja;Vertical;Dormitorio;Boho;Romanticismo;Protagonista;Ilustrativa
3313;Templanza Salvaje;Animales;Felinos;Frío;verde, naranja;Vertical;Hall de Entrada;Industrial;Fuerza;Protagonista;Fotográfica
3314;Alianza Salvaje 2;Animales;Felinos;Blanco y Negro;plateado, naranja;Vertical;Hall de Entrada;Elegante;Fuerza;Protagonista;Collage/Mixta
3315;El Alma Eterna;Mujer;Rostros étnicos;Frío;azul, plateado;Vertical;Hall de Entrada;Boho;Misterio;Protagonista;Digital/3D
3316;Raíces de mi Sangre;Mujer;Rostros étnicos;Frío;azul, marrón;Vertical;Hall de Entrada;Boho;Fuerza;Protagonista;Digital/3D
3317;Sinfonía de Agua;Paisajes;Cataratas;Pastel;verde, violeta;Horizontal;Living;Moderno;Fuerza;Protagonista;Fotográfica
3318;Mirada Enmascarada;Mujer;General;Cálido;rojo, naranja;Horizontal;Dormitorio;Elegante;Misterio;Protagonista;Fotográfica
3319;Danza de Colores 2;Botanica;Flores;Vibrante;amarillo, rojo;Horizontal;Living;Clásico;Alegría;Protagonista;Fotográfica
3320;Fortaleza entre Rosas;Mujer;General;Cálido;amarillo, naranja;Vertical;Dormitorio;Boho;Calma;Protagonista;Pictórica
3321;El Abrazo de la Naturaleza;Botanica;Hojas;Vibrante;verde, plateado;Horizontal;Living;Moderno;Energía;Protagonista;Fotográfica
3322;Naturaleza Eterna;Botanica;Hojas;Vibrante;verde, marrón;Horizontal;Living;Moderno;Energía;Protagonista;Fotográfica
3323;Fuerza del Agua;Paisajes;Cataratas;Vibrante;verde, naranja;Horizontal;Living;Moderno;Fuerza;Protagonista;Fotográfica
3324;Refugio en el Bosque;Paisajes;Bosque;Cálido;naranja, marrón;Horizontal;Living;Nórdico;Calma;Protagonista;Fotográfica
3325;Impulso Abstracto;Abstracto;General;Oscuro;gris, rojo;Horizontal;Living;Industrial;Energía;Protagonista;Abstracta
3326;Aroma Íntimo;Botanica;Flores;Vibrante;naranja, amarillo;Horizontal;Living;Nórdico;Alegría;Equilibrado;Fotográfica
3327;Paraíso Tropical 2;Paisajes;Playa;Pastel;naranja, verde;Vertical;Living;Nórdico;Calma;Protagonista;Fotográfica
3328;Instinto Creativo;Abstracto;General;Frío;azul, dorado;Horizontal;Living;Elegante;Calma;Protagonista;Abstracta
3329;Lenguaje Visual;Abstracto;General;Oscuro;rojo, naranja;Horizontal;Living;Industrial;Energía;Protagonista;Abstracta
3330;Un Solo Latido;Romantico;pareja;Cálido;naranja, azul;Vertical;Dormitorio;Boho;Armonía;Protagonista;Fotográfica
3331;Brisa Eterna;Paisajes;Playa;Frío;naranja, verde;Vertical;Living;Nórdico;Libertad;Protagonista;Fotográfica
3334;Columpio Tropical;Paisajes;Montañas;Pastel;azul, naranja;Vertical;Living;Nórdico;Calma;Protagonista;Fotográfica
3335;Descanso entre Palmeras;Paisajes;Playa;Vibrante;naranja, verde;Vertical;Living;Nórdico;Calma;Protagonista;Fotográfica
3336;Horizonte de Verano;Paisajes;Playa;Pastel;rosa, violeta;Vertical;Living;Moderno;Misterio;Protagonista;Fotográfica
3337;Hamaca Tropical;Paisajes;Playa;Pastel;verde, azul;Vertical;Living;Nórdico;Calma;Protagonista;Fotográfica
3338;Atardecer en la Hamaca;Paisajes;Playa;Cálido;naranja, amarillo;Vertical;Living;Boho;Calma;Protagonista;Fotográfica
3339;Mar en Calma;Paisajes;Playa;Pastel;azul, verde;Vertical;Living;Nórdico;Libertad;Protagonista;Fotográfica
3341;Vapor y Espuma;Paisajes;Cataratas;Vibrante;verde, amarillo;Horizontal;Living;Moderno;Fuerza;Protagonista;Fotográfica
3342;Color y Delicadeza;Botanica;Flores;Vibrante;naranja, rojo;Horizontal;Living;Moderno;Energía;Protagonista;Fotográfica
3343;Fusión Cromática;Abstracto;General;Pastel;rosa, naranja;Horizontal;Living;Moderno;Misterio;Protagonista;Abstracta
3344;Fortaleza Interior;Mujer;General;Tierra;naranja, marrón;Horizontal;Hall de Entrada;Boho;Misterio;Protagonista;Collage/Mixta
3345;Lago al Atardecer;Paisajes;Playa;Cálido;naranja, amarillo;Vertical;Living;Nórdico;Calma;Equilibrado;Fotográfica
3346;Rostro Dorado;Mujer;Rostros étnicos;Tierra;marrón, dorado;Horizontal;Hall de Entrada;Elegante;Elegancia;Protagonista;Collage/Mixta
3347;Flores de Otoño;Botanica;Flores;Cálido;naranja, amarillo;Horizontal;Living;Boho;Calma;Equilibrado;Pictórica
3348;Fragmento Sensorial;Abstracto;General;Pastel;dorado, beige;Horizontal;Living;Elegante;Elegancia;Protagonista;Abstracta
3349;Susurro del Jardín;Botanica;Flores;Cálido;naranja, rosa;Horizontal;Living;Boho;Alegría;Protagonista;Pictórica
3350;Frescor de Verano;Comida;Frutas;Pastel;amarillo, naranja;Horizontal;Infantil/Juvenil;Minimalista;Alegría;Equilibrado;Ilustrativa
3351;Rock de Alas;Mujer;General;Frío;dorado, violeta;Horizontal;Infantil/Juvenil;Moderno;Energía;Protagonista;Ilustrativa
3352;Frutos del Verano;Comida;Frutas;Vibrante;amarillo, dorado;Horizontal;Infantil/Juvenil;Minimalista;Alegría;Equilibrado;Ilustrativa
3353;Frutas con Estilo;Comida;Frutas;Pastel;rosa, amarillo;Horizontal;Infantil/Juvenil;Moderno;Alegría;Protagonista;Ilustrativa
3354;Árbol en Flor;Botanica;Arboles;Vibrante;naranja, amarillo;Horizontal;Living;Boho;Armonía;Protagonista;Pictórica
3355;Ramas al Cielo;Botanica;Arboles;Vibrante;naranja, amarillo;Horizontal;Infantil/Juvenil;Boho;Alegría;Protagonista;Ilustrativa
3360;Siluetas Frutales;Comida;Frutas;Blanco y Negro;negro, plateado;Horizontal;Cocina;Minimalista;Calma;Equilibrado;Ilustrativa
3361;Cosecha Natural;Comida;Frutas;Vibrante;verde, amarillo;Horizontal;Cocina;Moderno;Alegría;Protagonista;Fotográfica
3362;Árbol de Cristal Dorado;Botanica;Arboles;Frío;amarillo, dorado;Horizontal;Living;Elegante;Elegancia;Protagonista;Digital/3D
3363;Árbol Dorado 1;Botanica;Arboles;Cálido;amarillo, dorado;Horizontal;Living;Elegante;Elegancia;Protagonista;Digital/3D
3364;Pequeña Guitarrista;Mujer;General;Blanco y Negro;plateado, gris;Horizontal;Infantil/Juvenil;Moderno;Alegría;Protagonista;Ilustrativa
3365;Acordes en Acuarela;Mujer;General;Frío;azul, rosa;Vertical;Infantil/Juvenil;Boho;Inspiración;Protagonista;Pictórica
3366;Árbol de la Prosperidad;Botanica;Arboles;Vibrante;dorado, rojo;Horizontal;Oficina;Clásico;Inspiración;Protagonista;Ilustrativa
3367;Belleza Perenne;Botanica;Flores;Pastel;blanco, gris;Horizontal;Living;Boho;Calma;Protagonista;Pictórica
3368;Árbol de Monedas;Botanica;Arboles;Cálido;naranja, amarillo;Horizontal;Oficina;Moderno;Inspiración;Protagonista;Ilustrativa
3369;Actitud Rockera;Mujer;General;Oscuro;plateado, azul;Horizontal;Infantil/Juvenil;Industrial;Fuerza;Protagonista;Fotográfica
3370;Firmeza y Gracia;Mujer;General;Frío;violeta, rojo;Horizontal;Infantil/Juvenil;Boho;Energía;Protagonista;Pictórica
3371;Raíz Profunda;Botanica;Arboles;Pastel;violeta, rosa;Horizontal;Living;Boho;Armonía;Protagonista;Ilustrativa
3372;Árbol de Huellas;Botanica;Arboles;Vibrante;naranja, amarillo;Horizontal;Oficina;Moderno;Inspiración;Protagonista;Ilustrativa
3373;Lluvia de Prosperidad;Botanica;Arboles;Metálico;amarillo, dorado;Horizontal;Oficina;Moderno;Inspiración;Protagonista;Digital/3D
3374;Hojas de Moneda;Botanica;Arboles;Metálico;amarillo, dorado;Horizontal;Oficina;Nórdico;Inspiración;Equilibrado;Ilustrativa
3375;Árbol del Conocimiento;Botanica;Arboles;Vibrante;violeta, amarillo;Horizontal;Oficina;Moderno;Inspiración;Protagonista;Ilustrativa
3376;Árbol de la Abundancia 2;Botanica;Arboles;Tierra;verde, amarillo;Horizontal;Oficina;Boho;Inspiración;Protagonista;Pictórica
3377;Árbol Dorado 2;Botanica;Arboles;Frío;azul, amarillo;Horizontal;Living;Elegante;Elegancia;Protagonista;Ilustrativa
3378;Árbol de Luz 2;Botanica;Arboles;Cálido;naranja, amarillo;Horizontal;Living;Elegante;Misterio;Protagonista;Digital/3D
3379;Acordes Íntimos;Mujer;General;Frío;azul, blanco;Horizontal;Infantil/Juvenil;Boho;Calma;Protagonista;Pictórica
3380;Presencia Genuina;Mujer;General;Frío;violeta, azul;Horizontal;Infantil/Juvenil;Boho;Inspiración;Protagonista;Pictórica
3381;Tensión y Equilibrio;Abstracto;General;Pastel;amarillo, azul;Horizontal;Living;Nórdico;Calma;Equilibrado;Abstracta
3382;Diálogo de Formas;Abstracto;General;Pastel;blanco, gris;Horizontal;Living;Minimalista;Calma;Equilibrado;Abstracta
3383;Pliegues Dorados;Abstracto;General;Cálido;naranja, dorado;Horizontal;Living;Elegante;Elegancia;Protagonista;Digital/3D
3384;Equilibrio Visual;Abstracto;General;Metálico;dorado, plateado;Horizontal;Living;Elegante;Elegancia;Protagonista;Digital/3D
3385;Pulso de la Ciudad 2;Paisajes;Ciudades;Vibrante;naranja, violeta;Horizontal;Oficina;Industrial;Energía;Protagonista;Fotográfica
3386;Pincelada Libre;Abstracto;General;Frío;azul, gris;Horizontal;Living;Minimalista;Calma;Equilibrado;Abstracta
3387;Instinto Protector;Animales;Osos;Frío;plateado, blanco;Horizontal;Infantil/Juvenil;Nórdico;Armonía;Protagonista;Pictórica
3388;Energía Abstracta;Abstracto;General;Metálico;plateado, dorado;Horizontal;Living;Elegante;Elegancia;Protagonista;Digital/3D
3389;Alas de Color;Animales;Mariposas;Metálico;dorado, amarillo;Horizontal;Living;Elegante;Elegancia;Protagonista;Pictórica
3390;Dinamismo Visual;Abstracto;General;Metálico;plateado, dorado;Horizontal;Living;Elegante;Elegancia;Protagonista;Abstracta
3391;Luna entre Flores;Paisajes;luna;Pastel;rosa, beige;Horizontal;Dormitorio;Minimalista;Calma;Suave;Ilustrativa
3392;Pulso Creativo;Abstracto;General;Metálico;azul, amarillo;Horizontal;Living;Nórdico;Calma;Equilibrado;Abstracta
3393;León Cromático;Animales;Felinos;Vibrante;violeta, naranja;Horizontal;Hall de Entrada;Moderno;Fuerza;Protagonista;Ilustrativa
3394;Estampa Infinita;Paisajes;General;Cálido;rojo, naranja;Horizontal;Living;Nórdico;Energía;Protagonista;Fotográfica
3395;Vida en su Mirada;Mujer;General;Frío;verde, naranja;Horizontal;Dormitorio;Moderno;Misterio;Protagonista;Collage/Mixta
3396;Maestro del Cambio;Animales;Camaleon;Vibrante;verde, naranja;Horizontal;Living;Boho;Alegría;Protagonista;Collage/Mixta
3158;Ritmo Abstracto;Abstracto;General;Cálido;naranja, amarillo;Horizontal;Living;Moderno;Energía;Protagonista;Abstracta
3173;Mona Lisa Rebelde;Mujer;Mona Lisa;Vibrante;amarillo, azul;Vertical;Living;Moderno;Misterio;Protagonista;Collage/Mixta
3196;Mapa de Palabras;Mapamundi;General;Tierra;marrón, naranja;Horizontal;Oficina;Moderno;Inspiración;Protagonista;Ilustrativa
3197;Fuerza y Elegancia;Animales;Caballos;Blanco y Negro;plateado, blanco;Horizontal;Living;Minimalista;Fuerza;Protagonista;Fotográfica
3235;Historia Ancestral;Mujer;Rostros étnicos;Tierra;naranja, dorado;Horizontal;Hall de Entrada;Elegante;Elegancia;Protagonista;Collage/Mixta
3333;Ciudad entre Montañas;Paisajes;Montañas;Tierra;verde, plateado;Vertical;Living;Nórdico;Inspiración;Protagonista;Fotográfica
3340;Mirada Cómplice;Romantico;pareja;Cálido;amarillo, naranja;Vertical;Dormitorio;Boho;Romanticismo;Protagonista;Fotográfica
3356;Melodía Íntima;Mujer;General;Frío;azul, gris;Horizontal;Infantil/Juvenil;Boho;Inspiración;Protagonista;Pictórica
3357;Ritmo de Neón;Mujer;General;Pastel;naranja, rojo;Horizontal;Infantil/Juvenil;Moderno;Energía;Protagonista;Collage/Mixta
3358;Guitarrista entre Nubes;Mujer;General;Pastel;rosa, rojo;Horizontal;Infantil/Juvenil;Moderno;Energía;Protagonista;Ilustrativa
3359;Guitarra en Llamas;Mujer;General;Cálido;naranja, rojo;Horizontal;Infantil/Juvenil;Moderno;Energía;Protagonista;Ilustrativa
3165;Vínculo Eterno;Mujer;Madre & hijo;Cálido;marrón, dorado;Vertical;Dormitorio;Boho;Armonía;Protagonista;Ilustrativa
3397;Templo Oriental;Budismo;General;Cálido;verde, naranja;Horizontal;Living;Clásico;Armonía;Protagonista;Fotográfica
3398;Equilibrio de Piedra;Budismo;General;Metálico;plateado, gris;Horizontal;Baño;Minimalista;Calma;Suave;Fotográfica
3399;Meditación sobre el Agua;Budismo;General;Cálido;naranja, rojo;Horizontal;Dormitorio;Minimalista;Calma;Protagonista;Digital/3D
3400;Torre de Piedras;Budismo;General;Neutro;verde, gris;Horizontal;Baño;Nórdico;Calma;Equilibrado;Fotográfica
3401;Piedras del Equilibrio;Budismo;General;Neutro;violeta, rosa;Horizontal;Baño;Elegante;Calma;Protagonista;Fotográfica
3402;Pétalos de Paz;Budismo;General;Neutro;violeta, plateado;Horizontal;Baño;Nórdico;Calma;Equilibrado;Fotográfica
3403;Mirada de Buda;Budismo;General;Metálico;plateado, amarillo;Horizontal;Hall de Entrada;Elegante;Calma;Protagonista;Fotográfica
3404;Presencia de Buda;Budismo;General;Tierra;plateado, marrón;Horizontal;Hall de Entrada;Boho;Calma;Equilibrado;Fotográfica
3405;Puente Japonés;Budismo;General;Cálido;verde, dorado;Horizontal;Living;Nórdico;Armonía;Protagonista;Fotográfica
3406;Luz de Vela;Budismo;General;Neutro;plateado, gris;Horizontal;Baño;Nórdico;Calma;Equilibrado;Fotográfica
3408;Equilibrio Costero;Budismo;General;Tierra;plateado, naranja;Horizontal;Baño;Nórdico;Calma;Equilibrado;Fotográfica
3409;Meditación Profunda;Budismo;General;Neutro;verde, naranja;Horizontal;Dormitorio;Nórdico;Calma;Equilibrado;Fotográfica
3410;Bonsais Ancestrales;Budismo;General;Vibrante;verde, plateado;Horizontal;Living;Nórdico;Armonía;Equilibrado;Fotográfica
3411;Bonsái Centenario;Budismo;General;Neutro;verde, marrón;Horizontal;Living;Nórdico;Armonía;Protagonista;Fotográfica
3412;Aroma Zen;Budismo;General;Oscuro;azul, dorado;Horizontal;Hall de Entrada;Minimalista;Misterio;Protagonista;Fotográfica
3413;Vela de Meditación;Budismo;General;Cálido;naranja, verde;Horizontal;Baño;Nórdico;Calma;Suave;Fotográfica
3414;Horizonte en Calma;Budismo;General;Pastel;azul, naranja;Horizontal;Dormitorio;Minimalista;Calma;Protagonista;Digital/3D
3415;Equilibrio Perfecto;Budismo;General;Pastel;naranja, violeta;Horizontal;Baño;Nórdico;Calma;Equilibrado;Fotográfica
3416;Buda en el Jardín;Budismo;General;Pastel;verde, violeta;Horizontal;Living;Nórdico;Calma;Equilibrado;Fotográfica
3417;Templo entre Jardines;Budismo;General;Cálido;naranja, marrón;Horizontal;Living;Clásico;Armonía;Protagonista;Fotográfica
3418;Piedras en Calma;Budismo;General;Frío;violeta, azul;Horizontal;Baño;Moderno;Misterio;Protagonista;Fotográfica
3419;Cielo Meditativo;Budismo;General;Oscuro;naranja, amarillo;Horizontal;Dormitorio;Minimalista;Calma;Protagonista;Fotográfica
3420;Buda sobre el Bosque;Budismo;General;Tierra;verde, azul;Horizontal;Living;Clásico;Inspiración;Protagonista;Fotográfica
3421;Taza de Calma;Budismo;General;Neutro;verde, blanco;Horizontal;Baño;Nórdico;Calma;Suave;Fotográfica
3422;Silencio del Buda;Budismo;General;Pastel;verde, naranja;Vertical;Living;Clásico;Inspiración;Protagonista;Fotográfica
3423;Humo de Incienso;Budismo;General;Oscuro;plateado, azul;Horizontal;Hall de Entrada;Minimalista;Misterio;Protagonista;Fotográfica
3424;Buda entre Suculentas;Budismo;General;Tierra;plateado, blanco;Horizontal;Living;Nórdico;Calma;Suave;Fotográfica
3425;Buda al Atardecer;Budismo;General;Pastel;gris, plateado;Horizontal;Dormitorio;Nórdico;Calma;Equilibrado;Fotográfica
3426;Gota Cromática;Budismo;General;Vibrante;naranja, violeta;Horizontal;Living;Moderno;Energía;Protagonista;Fotográfica
3427;Magnolia Blanca;Budismo;General;Pastel;azul, blanco;Horizontal;Dormitorio;Nórdico;Calma;Suave;Fotográfica
3428;Piedras Zen;Budismo;General;Blanco y Negro;plateado, gris;Horizontal;Baño;Minimalista;Calma;Equilibrado;Fotográfica
3429;Equilibrio en el Muelle;Budismo;General;Pastel;violeta, azul;Horizontal;Baño;Nórdico;Calma;Equilibrado;Fotográfica
3430;Ondas de Arena;Budismo;General;Madera;beige, gris;Horizontal;Baño;Minimalista;Calma;Suave;Fotográfica
3431;Buda Dorado 1;Budismo;General;Dorado;plateado, amarillo;Horizontal;Hall de Entrada;Elegante;Calma;Protagonista;Fotográfica
3432;Buda entre Incienso;Budismo;General;Madera;plateado, verde;Horizontal;Hall de Entrada;Boho;Calma;Equilibrado;Fotográfica
3433;Buda Dorado 2;Budismo;General;Metálico;amarillo, dorado;Horizontal;Hall de Entrada;Elegante;Calma;Protagonista;Fotográfica
3434;Gesto de Gratitud;Budismo;General;Natural;naranja, verde;Horizontal;Dormitorio;Boho;Inspiración;Equilibrado;Fotográfica
3435;Mudra Sagrado;Budismo;General;Dorado;plateado, dorado;Horizontal;Hall de Entrada;Clásico;Calma;Protagonista;Fotográfica
3436;Calidez de Otoño;Budismo;General;Madera;beige, marrón;Horizontal;Cocina;Nórdico;Calma;Equilibrado;Fotográfica
3437;Armonía de Cuencos;Budismo;General;Natural;naranja, dorado;Horizontal;Dormitorio;Boho;Calma;Protagonista;Fotográfica
3438;Buda Dorado 3;Budismo;General;Dorado;amarillo, dorado;Horizontal;Hall de Entrada;Elegante;Calma;Protagonista;Fotográfica
3439;Serenidad Sagrada;Budismo;General;Oscuro;plateado, gris;Horizontal;Baño;Boho;Calma;Protagonista;Fotográfica
3440;Bajo el Sol Dorado;Botanica;Flores;Vibrante;amarillo, naranja;Horizontal;Living;Nórdico;Alegría;Protagonista;Fotográfica
3441;Alegría Amarilla;Botanica;Flores;Vibrante;amarillo, dorado;Horizontal;Living;Moderno;Alegría;Equilibrado;Fotográfica
3442;Cielo y Flores;Botanica;Flores;Pastel;amarillo, naranja;Vertical;Living;Nórdico;Alegría;Protagonista;Fotográfica
3443;Flores del Mar;Botanica;Flores;Natural;violeta, rosa;Horizontal;Dormitorio;Nórdico;Calma;Suave;Fotográfica
3444;Margaritas al Sol;Botanica;Flores;Pastel;amarillo, blanco;Horizontal;Dormitorio;Nórdico;Alegría;Suave;Fotográfica
3445;Resplandor Rosa;Botanica;Flores;Pastel;rosa, amarillo;Horizontal;Living;Nórdico;Alegría;Protagonista;Fotográfica
3446;No Me Olvides;Botanica;Flores;Tierra;azul, marrón;Horizontal;Dormitorio;Minimalista;Calma;Suave;Fotográfica
3447;Jardín Rosado 2;Botanica;Flores;Pastel;violeta, rosa;Horizontal;Living;Nórdico;Alegría;Protagonista;Fotográfica
3448;Atardecer en la Pradera;Botanica;Flores;Cálido;amarillo, naranja;Horizontal;Living;Nórdico;Inspiración;Protagonista;Fotográfica
3449;Luz entre Silvestres;Botanica;Flores;Cálido;rojo, violeta;Vertical;Living;Boho;Alegría;Protagonista;Fotográfica
3450;Dúo Floral;Botanica;Flores;Madera;rosa, marrón;Horizontal;Dormitorio;Nórdico;Romanticismo;Equilibrado;Fotográfica
3451;Ramas Silvestres;Botanica;Flores;Madera;naranja, amarillo;Horizontal;Dormitorio;Minimalista;Calma;Suave;Fotográfica
3452;Flores Secas sobre Madera;Botanica;Flores;Madera;violeta, marrón;Horizontal;Living;Boho;Calma;Equilibrado;Fotográfica
3453;Jardín Amarillo;Botanica;Flores;Dorado;amarillo, naranja;Horizontal;Living;Moderno;Energía;Protagonista;Fotográfica
3454;Pétalos de Sol;Botanica;Flores;Dorado;amarillo, naranja;Horizontal;Hall de Entrada;Moderno;Energía;Protagonista;Fotográfica
3455;Flores al Sol;Botanica;Flores;Dorado;amarillo, naranja;Horizontal;Living;Nórdico;Inspiración;Protagonista;Fotográfica
3456;Joyas de la Tierra;Botanica;Flores;Dorado;amarillo, naranja;Horizontal;Living;Moderno;Alegría;Protagonista;Fotográfica
3457;Elegancia Rústica;Botanica;Flores;Madera;marrón, beige;Horizontal;Dormitorio;Elegante;Romanticismo;Equilibrado;Fotográfica
3458;Promesa de Verano;Botanica;Flores;Cálido;amarillo, naranja;Horizontal;Comedor;Nórdico;Alegría;Protagonista;Fotográfica
3459;Macro Naranja;Botanica;Flores;Dorado;amarillo, naranja;Horizontal;Hall de Entrada;Moderno;Energía;Protagonista;Fotográfica
3460;Fuente de Lavandas;Botanica;Flores;Pastel;violeta, verde;Horizontal;Living;Boho;Alegría;Protagonista;Fotográfica
3461;Parque en Primavera;Botanica;Flores;Vibrante;verde, violeta;Horizontal;Living;Nórdico;Alegría;Protagonista;Fotográfica
3463;Dalias Rosadas;Botanica;Flores;Pastel;rosa, violeta;Horizontal;Dormitorio;Elegante;Romanticismo;Protagonista;Fotográfica
3464;Columpios entre Flores;Botanica;Flores;Pastel;verde, violeta;Horizontal;Infantil/Juvenil;Boho;Alegría;Protagonista;Fotográfica
3465;Camino Florecido;Botanica;Flores;Pastel;verde, rosa;Horizontal;Living;Nórdico;Libertad;Protagonista;Fotográfica
3466;Lapacho en Flor;Botanica;Flores;Pastel;rosa, violeta;Horizontal;Living;Boho;Alegría;Protagonista;Fotográfica
3467;Sombra & Calma;Botanica;Flores;Cálido;verde, naranja;Vertical;Pasillo;Nórdico;Calma;Equilibrado;Fotográfica
3468;Sol entre Rosas;Botanica;Flores;Pastel;rosa, naranja;Vertical;Dormitorio;Boho;Romanticismo;Protagonista;Fotográfica
3469;Oasis de Cristal;Botanica;Flores;Vibrante;naranja, verde;Vertical;Pasillo;Boho;Inspiración;Protagonista;Fotográfica
3470;Paz en el Jardín;Botanica;Flores;Vibrante;verde, naranja;Horizontal;Living;Nórdico;Armonía;Equilibrado;Fotográfica
